applicant_id,first_name,last_name,email,phone,age,city,employment_status,annual_income,acquisition_channel,registration_date
1,Katherine,Anderson,katherine.anderson760@gmail.com,0739958838,22,Houston,student,1424,organic_search,2023-02-22 21:47:00
2,Scott,Jones,scott.jones96@gmail.com,0777827638,22,Cape Town,self_employed,86426,referral,2023-10-15 06:45:00
3,Ronald,Rogers,ronald.rogers285@yahoo.com,0710872248,58,Malindi,employed,35379,social_media,2023-03-23 22:27:00
4,Amanda,Wilson,amanda.wilson390@gmail.com,0756164955,26,Kisumu,employed,64615,referral,2023-01-23 23:29:00
5,Patrick,Nguyen,patrick.nguyen634@yahoo.com,0758537831,61,Abuja,self_employed,116327,referral,2023-12-27 02:02:00
6,David,Robinson,david.robinson390@gmail.com,0795320121,27,Kisumu,employed,49993,email_campaign,2023-03-25 11:22:00
7,Helen,Barnes,helen.barnes547@yahoo.com,0731931511,31,Accra,self_employed,104733,paid_search,2023-05-19 20:44:00
8,Linda,Robinson,linda.robinson825@gmail.com,0745935572,23,Johannesburg,employed,80435,organic_search,2023-10-18 22:20:00
9,Jose,Reed,jose.reed272@gmail.com,0785345555,30,Kitale,self_employed,62447,referral,2023-10-27 13:57:00
10,Karen,Richardson,karen.richardson94@yahoo.com,0724716857,52,Johannesburg,self_employed,65432,organic_search,2023-03-23 21:27:00
11,Jerry,Cook,jerry.cook258@yahoo.com,0711540956,54,Accra,employed,49973,social_media,2023-02-28 21:56:00
12,Joseph,Nguyen,joseph.nguyen162@gmail.com,0745351479,48,Abuja,employed,96959,direct,2023-04-02 16:58:00
13,Katherine,Cooper,katherine.cooper204@gmail.com,0731682744,59,Nakuru,employed,17552,referral,2023-09-29 00:38:00
14,Jonathan,Flores,jonathan.flores60@gmail.com,0786149359,36,Chicago,unemployed,12461,direct,2023-02-13 23:31:00
15,Thomas,Taylor,thomas.taylor487@yahoo.com,0732162965,63,Malindi,student,12374,organic_search,2023-11-07 13:13:00
16,Janet,Flores,janet.flores688@yahoo.com,0768800797,46,Nairobi,employed,59313,email_campaign,2023-08-20 03:15:00
17,Nicole,Peterson,nicole.peterson603@gmail.com,0719528530,35,Accra,student,14084,social_media,2023-01-31 07:04:00
18,Barbara,Richardson,barbara.richardson286@yahoo.com,0738754377,36,Cape Town,employed,76993,referral,2023-10-20 18:30:00
19,George,Gonzalez,george.gonzalez675@gmail.com,0766851760,27,Mombasa,retired,27899,paid_search,2023-01-28 21:41:00
20,Rebecca,Baker,rebecca.baker255@gmail.com,0781979055,27,London,employed,24880,paid_search,2023-08-05 05:17:00
21,Patrick,Gonzalez,patrick.gonzalez668@yahoo.com,0711980765,24,Johannesburg,employed,43016,direct,2023-05-02 05:26:00
22,Linda,Perez,linda.perez3@yahoo.com,0745594951,45,Chicago,self_employed,110748,email_campaign,2023-08-21 09:27:00
23,Adam,Murphy,adam.murphy195@gmail.com,0717849494,30,Houston,employed,21572,referral,2023-10-05 01:47:00
24,Amy,Cooper,amy.cooper162@gmail.com,0778159587,54,Johannesburg,employed,45828,organic_search,2023-04-06 02:38:00
25,Sarah,Ramirez,sarah.ramirez593@yahoo.com,0793131979,36,Malindi,employed,49179,organic_search,2023-12-03 18:36:00
26,Debra,Green,debra.green272@gmail.com,0796637649,36,Nakuru,employed,88792,paid_search,2023-06-11 02:00:00
27,Barbara,Ward,barbara.ward519@gmail.com,0756843172,34,Abuja,employed,86200,email_campaign,2023-05-06 11:18:00
28,Tyler,Henderson,tyler.henderson9@yahoo.com,0784437458,54,Nakuru,employed,30129,paid_search,2023-12-06 03:56:00
29,Maria,Peterson,maria.peterson279@gmail.com,0738270233,30,Manchester,student,8280,social_media,2023-04-15 21:40:00
30,Jason,Miller,jason.miller650@gmail.com,0747135391,26,London,retired,36178,organic_search,2023-06-20 04:40:00
31,Patrick,Stewart,patrick.stewart10@gmail.com,0730005727,56,Mombasa,employed,31704,referral,2023-07-09 18:35:00
32,Michelle,Campbell,michelle.campbell921@gmail.com,0743491314,23,Eldoret,student,10168,referral,2023-07-01 17:56:00
33,Timothy,Lee,timothy.lee903@gmail.com,0734073380,32,Kitale,self_employed,111345,social_media,2023-06-20 13:51:00
34,Jeffrey,Lee,jeffrey.lee111@gmail.com,0715197528,65,Abuja,student,5728,email_campaign,2023-04-24 06:52:00
35,Ashley,Lewis,ashley.lewis676@gmail.com,0754058573,22,Chicago,self_employed,67386,organic_search,2023-02-05 08:22:00
36,Nicholas,Brown,nicholas.brown899@yahoo.com,0733966966,28,Accra,self_employed,60309,referral,2023-05-16 01:06:00
37,Laura,Sanders,laura.sanders119@gmail.com,0787388337,53,Malindi,employed,85575,organic_search,2023-01-23 22:27:00
38,Jonathan,Sanchez,jonathan.sanchez972@yahoo.com,0754318698,25,Abuja,student,8308,referral,2023-12-06 03:46:00
39,Debra,Evans,debra.evans413@yahoo.com,0784411983,41,Phoenix,self_employed,37810,organic_search,2023-08-04 21:24:00
40,Jack,Hill,jack.hill562@yahoo.com,0750785405,46,London,self_employed,75946,paid_search,2023-08-09 18:38:00
41,Brandon,Perry,brandon.perry524@gmail.com,0732775593,34,Kisumu,self_employed,58933,referral,2023-05-26 16:42:00
42,Timothy,Perry,timothy.perry231@yahoo.com,0729777514,40,London,student,1193,organic_search,2023-05-06 15:39:00
43,Sharon,Wood,sharon.wood200@yahoo.com,0761536717,57,Nakuru,self_employed,113430,paid_search,2023-05-05 04:41:00
44,Scott,Lewis,scott.lewis824@yahoo.com,0779519112,32,Eldoret,student,7478,paid_search,2023-10-13 07:58:00
45,Kathleen,Jenkins,kathleen.jenkins573@yahoo.com,0769401199,54,Thika,student,7305,referral,2023-09-16 13:53:00
46,Maria,Morgan,maria.morgan266@yahoo.com,0795585469,49,Kisumu,employed,72654,organic_search,2023-09-24 15:40:00
47,Janet,Torres,janet.torres279@gmail.com,0782498004,36,Malindi,self_employed,107591,organic_search,2023-03-19 07:24:00
48,William,Collins,william.collins339@yahoo.com,0765804273,47,Nairobi,unemployed,11395,organic_search,2023-08-04 12:57:00
49,Emma,Carter,emma.carter7@yahoo.com,0750079111,51,Phoenix,self_employed,119840,social_media,2023-08-03 17:47:00
50,Ronald,Murphy,ronald.murphy280@gmail.com,0713895645,35,London,employed,36632,paid_search,2023-12-09 21:51:00
51,Thomas,Bennett,thomas.bennett28@yahoo.com,0789442503,55,Thika,employed,75515,referral,2023-01-14 02:41:00
52,Michael,King,michael.king336@gmail.com,0753868501,45,Lagos,retired,70255,paid_search,2023-07-14 08:48:00
53,David,Morgan,david.morgan768@yahoo.com,0756970882,22,Malindi,unemployed,4051,organic_search,2023-02-05 20:02:00
54,John,Bennett,john.bennett245@gmail.com,0799853245,30,Thika,employed,63351,organic_search,2023-04-22 14:44:00
55,Helen,Sanders,helen.sanders797@yahoo.com,0751746937,28,Johannesburg,self_employed,64192,organic_search,2023-01-14 09:36:00
56,Janet,Sanchez,janet.sanchez607@yahoo.com,0794187049,25,Houston,self_employed,30866,organic_search,2023-12-23 09:54:00
57,Jennifer,Hall,jennifer.hall439@yahoo.com,0719255216,55,Nakuru,employed,79251,referral,2023-06-24 00:54:00
58,Laura,Campbell,laura.campbell913@yahoo.com,0730534124,61,Manchester,self_employed,85539,paid_search,2023-09-25 20:17:00
59,Kathleen,Sanchez,kathleen.sanchez275@gmail.com,0742949803,58,London,employed,113366,email_campaign,2023-02-14 08:56:00
60,Jack,Price,jack.price389@gmail.com,0776344695,63,Accra,employed,48862,email_campaign,2023-04-04 15:13:00
61,Emily,Kelly,emily.kelly902@gmail.com,0711362459,65,Chicago,self_employed,79038,referral,2023-04-08 02:15:00
62,Timothy,Long,timothy.long662@yahoo.com,0770152969,51,Abuja,employed,46890,social_media,2023-02-17 09:14:00
63,Adam,Watson,adam.watson485@yahoo.com,0756138336,44,Abuja,self_employed,50509,paid_search,2023-10-09 10:22:00
64,Jason,Robinson,jason.robinson739@gmail.com,0726046365,28,Lagos,employed,78464,social_media,2023-12-20 05:12:00
65,Zachary,Brooks,zachary.brooks612@gmail.com,0723492385,54,Chicago,employed,16854,email_campaign,2023-06-01 07:23:00
66,Thomas,Scott,thomas.scott998@gmail.com,0749209916,23,Nairobi,unemployed,1680,social_media,2023-03-06 20:55:00
67,Emma,Torres,emma.torres491@gmail.com,0734744872,51,Manchester,unemployed,6565,direct,2023-05-10 15:07:00
68,Barbara,James,barbara.james703@gmail.com,0730024960,61,Cape Town,employed,115197,social_media,2023-06-05 02:15:00
69,Helen,Kelly,helen.kelly232@yahoo.com,0761053474,60,Abuja,self_employed,71207,paid_search,2023-08-15 09:55:00
70,Jack,Bennett,jack.bennett625@yahoo.com,0723318904,24,Thika,employed,25641,direct,2023-04-17 20:13:00
71,Timothy,Thompson,timothy.thompson77@gmail.com,0764830300,56,Abuja,employed,52762,paid_search,2023-11-01 15:18:00
72,Carolyn,Reed,carolyn.reed704@gmail.com,0745507920,25,Cape Town,unemployed,3241,social_media,2023-11-17 18:42:00
73,Joseph,Torres,joseph.torres664@gmail.com,0745652586,35,Houston,unemployed,9749,social_media,2023-02-06 01:10:00
74,Ryan,Morris,ryan.morris480@yahoo.com,0764023778,28,Mombasa,employed,93385,direct,2023-09-14 17:31:00
75,Laura,Adams,laura.adams257@gmail.com,0740725714,59,Lagos,retired,103117,direct,2023-10-22 18:01:00
76,Emma,Garcia,emma.garcia482@yahoo.com,0769355025,32,Kisumu,self_employed,79451,email_campaign,2023-04-03 18:27:00
77,Samuel,Hall,samuel.hall342@gmail.com,0724039158,47,Johannesburg,employed,101846,email_campaign,2023-06-18 13:44:00
78,Patrick,Jones,patrick.jones91@gmail.com,0753389073,50,Chicago,retired,101200,organic_search,2023-07-26 16:52:00
79,Kathleen,Evans,kathleen.evans193@yahoo.com,0793568503,24,Chicago,employed,50003,social_media,2023-11-17 14:48:00
80,Thomas,Torres,thomas.torres902@yahoo.com,0726297533,49,Abuja,employed,35758,organic_search,2023-11-19 19:51:00
81,Patrick,Johnson,patrick.johnson418@gmail.com,0725228493,56,Abuja,employed,108926,paid_search,2023-03-02 20:53:00
82,Shirley,Wright,shirley.wright855@gmail.com,0773380266,47,New York,employed,93561,organic_search,2023-10-10 04:24:00
83,Maria,Moore,maria.moore283@yahoo.com,0765692629,25,Abuja,employed,110164,paid_search,2023-09-17 08:52:00
84,Nicole,Watson,nicole.watson502@yahoo.com,0769934576,63,London,unemployed,6180,referral,2023-06-26 10:35:00
85,Carol,Harris,carol.harris245@yahoo.com,0741348220,65,Johannesburg,self_employed,107435,email_campaign,2023-07-30 01:20:00
86,Stephanie,Coleman,stephanie.coleman156@gmail.com,0714968688,62,Nakuru,employed,72711,organic_search,2023-10-30 10:55:00
87,Anna,Reed,anna.reed740@gmail.com,0797883261,21,Phoenix,retired,59375,direct,2023-02-08 15:50:00
88,Nathan,Turner,nathan.turner83@yahoo.com,0781621574,62,Chicago,student,7994,paid_search,2023-06-12 20:45:00
89,Robert,Bennett,robert.bennett241@yahoo.com,0748571356,25,Nakuru,unemployed,11532,direct,2023-02-16 13:06:00
90,Brandon,Perez,brandon.perez307@yahoo.com,0716172803,65,Kitale,employed,34080,paid_search,2023-01-29 09:22:00
91,Anna,Evans,anna.evans699@yahoo.com,0732814819,57,Houston,self_employed,80230,organic_search,2023-11-09 12:39:00
92,Charles,Robinson,charles.robinson654@gmail.com,0744269370,50,London,employed,24681,referral,2023-08-27 09:43:00
93,Eric,Brooks,eric.brooks655@yahoo.com,0743567615,40,Kitale,student,1747,paid_search,2023-06-04 06:24:00
94,Stephen,James,stephen.james589@gmail.com,0749625201,43,Mombasa,employed,104889,organic_search,2023-12-04 12:17:00
95,Helen,Bailey,helen.bailey795@yahoo.com,0791478884,39,Eldoret,self_employed,103835,social_media,2023-04-23 20:12:00
96,Aaron,Gonzalez,aaron.gonzalez662@gmail.com,0769166287,61,Accra,employed,53680,organic_search,2023-07-06 23:08:00
97,Maria,Collins,maria.collins206@gmail.com,0782398083,32,Thika,student,13606,email_campaign,2023-07-07 16:32:00
98,Jason,Bell,jason.bell765@yahoo.com,0725457816,39,Johannesburg,retired,103647,paid_search,2023-02-08 04:48:00
99,Pamela,Campbell,pamela.campbell810@gmail.com,0745495029,26,Houston,self_employed,49362,referral,2023-08-21 11:43:00
100,Stephen,Barnes,stephen.barnes111@yahoo.com,0773280554,44,Kisumu,self_employed,99889,organic_search,2023-10-15 10:58:00
101,Katherine,Cook,katherine.cook310@yahoo.com,0725659979,65,Chicago,employed,45775,organic_search,2023-01-20 09:31:00
102,Karen,Roberts,karen.roberts380@yahoo.com,0782503409,50,Phoenix,employed,79139,paid_search,2023-03-21 13:41:00
103,Justin,Scott,justin.scott707@gmail.com,0769509870,23,Chicago,retired,63147,paid_search,2023-05-01 11:06:00
104,Jose,Rivera,jose.rivera408@gmail.com,0726395999,24,Phoenix,employed,98819,direct,2023-08-21 02:42:00
105,John,Miller,john.miller250@yahoo.com,0785776373,42,Accra,employed,45539,organic_search,2023-10-11 06:37:00
106,Charles,Kelly,charles.kelly284@yahoo.com,0729419691,21,Nairobi,employed,101646,direct,2023-10-04 08:51:00
107,Thomas,Johnson,thomas.johnson809@yahoo.com,0789034501,43,New York,employed,70176,paid_search,2023-03-31 08:03:00
108,Joseph,Rodriguez,joseph.rodriguez460@yahoo.com,0778885632,51,New York,retired,20683,referral,2023-08-20 16:14:00
109,Jacob,Reed,jacob.reed988@gmail.com,0774287863,62,Kisumu,employed,73138,email_campaign,2023-08-07 21:06:00
110,David,Adams,david.adams152@gmail.com,0746912022,59,New York,employed,93301,referral,2023-10-27 17:45:00
111,Donna,Reed,donna.reed620@gmail.com,0725356396,53,London,student,7046,email_campaign,2023-11-30 17:46:00
112,Ashley,Evans,ashley.evans848@gmail.com,0765833185,42,Eldoret,self_employed,64060,social_media,2023-06-10 13:20:00
113,Rachel,Morgan,rachel.morgan94@yahoo.com,0722513132,25,Chicago,employed,88608,paid_search,2023-07-10 04:35:00
114,Nicholas,Jenkins,nicholas.jenkins421@gmail.com,0799300492,28,Abuja,retired,93696,direct,2023-08-05 23:03:00
115,Melissa,Wilson,melissa.wilson520@gmail.com,0798145654,57,Lagos,self_employed,30058,paid_search,2023-02-25 11:54:00
116,Emma,Lewis,emma.lewis866@yahoo.com,0793446356,48,Lagos,self_employed,101223,referral,2023-11-26 17:01:00
117,Patricia,White,patricia.white720@yahoo.com,0755610493,38,Eldoret,self_employed,24120,paid_search,2023-04-03 04:36:00
118,Peter,Barnes,peter.barnes94@yahoo.com,0738874646,22,Accra,employed,109581,paid_search,2023-08-21 10:10:00
119,Jack,Kelly,jack.kelly905@gmail.com,0731127198,26,Cape Town,employed,101761,social_media,2023-01-26 21:05:00
120,Raymond,Sanders,raymond.sanders425@gmail.com,0778765957,49,Manchester,self_employed,92743,organic_search,2023-08-09 03:18:00
121,Anna,Jenkins,anna.jenkins47@gmail.com,0790440034,40,Lagos,unemployed,12520,organic_search,2023-04-15 09:13:00
122,Donna,Adams,donna.adams8@gmail.com,0767801537,28,Cairo,employed,88233,organic_search,2023-07-14 17:45:00
123,Barbara,Turner,barbara.turner447@gmail.com,0720450542,23,Cape Town,employed,98904,email_campaign,2023-10-22 13:36:00
124,Donna,Anderson,donna.anderson22@yahoo.com,0733068427,46,Kisumu,self_employed,62428,social_media,2023-11-13 14:53:00
125,Laura,Wilson,laura.wilson447@yahoo.com,0780325062,36,Thika,employed,117120,organic_search,2023-06-08 23:21:00
126,Barbara,Richardson,barbara.richardson117@yahoo.com,0736025314,61,Eldoret,retired,99599,email_campaign,2023-06-28 11:46:00
127,Timothy,Wilson,timothy.wilson263@gmail.com,0790852623,30,Manchester,retired,97306,organic_search,2023-12-02 02:11:00
128,Kathleen,Ramirez,kathleen.ramirez460@yahoo.com,0785764804,58,Eldoret,retired,56436,referral,2023-11-16 10:55:00
129,Brandon,Rodriguez,brandon.rodriguez453@yahoo.com,0746866075,51,Mombasa,employed,74233,referral,2023-06-30 16:04:00
130,Linda,Mitchell,linda.mitchell79@yahoo.com,0722119391,39,Mombasa,self_employed,118785,referral,2023-09-17 12:29:00
131,Cynthia,James,cynthia.james193@gmail.com,0773837847,62,Accra,unemployed,13719,referral,2023-02-01 14:06:00
132,Janet,Hernandez,janet.hernandez662@gmail.com,0743251599,53,Cairo,self_employed,62696,social_media,2023-08-13 16:33:00
133,Ryan,Roberts,ryan.roberts794@gmail.com,0790246882,47,Chicago,employed,27387,organic_search,2023-11-20 20:21:00
134,Henry,Roberts,henry.roberts259@yahoo.com,0798122539,39,Eldoret,employed,101980,direct,2023-11-05 04:21:00
135,Eric,Flores,eric.flores716@yahoo.com,0727307598,62,Accra,employed,118764,referral,2023-02-13 09:35:00
136,Thomas,Jenkins,thomas.jenkins849@yahoo.com,0780651318,65,Abuja,employed,62526,organic_search,2023-12-10 13:32:00
137,Betty,Ramirez,betty.ramirez971@yahoo.com,0735770506,42,Nakuru,employed,118300,organic_search,2023-03-12 04:04:00
138,Gregory,Torres,gregory.torres39@yahoo.com,0792950779,54,Phoenix,employed,105812,organic_search,2023-07-12 04:10:00
139,Nancy,Morris,nancy.morris421@gmail.com,0741880763,23,Kitale,self_employed,73841,direct,2023-11-09 09:48:00
140,Alexander,Walker,alexander.walker989@yahoo.com,0772950208,40,London,retired,72749,email_campaign,2023-04-10 11:43:00
141,Ryan,Carter,ryan.carter541@gmail.com,0731751079,53,Manchester,employed,99040,social_media,2023-11-06 04:55:00
142,Deborah,Peterson,deborah.peterson729@yahoo.com,0726733967,27,Cape Town,student,2414,paid_search,2023-03-24 08:28:00
143,Susan,Lewis,susan.lewis906@gmail.com,0713579612,49,Cairo,employed,25696,paid_search,2023-07-22 16:23:00
144,Ronald,Brown,ronald.brown954@gmail.com,0797236246,41,Eldoret,employed,76925,paid_search,2023-03-16 04:02:00
145,Douglas,Morgan,douglas.morgan631@gmail.com,0720633503,49,New York,retired,94807,organic_search,2023-04-21 04:35:00
146,Scott,Anderson,scott.anderson244@gmail.com,0716408822,39,Phoenix,employed,80513,organic_search,2023-11-24 19:29:00
147,Alexander,Williams,alexander.williams528@yahoo.com,0729270557,61,Thika,employed,69600,paid_search,2023-01-01 19:22:00
148,Debra,Jenkins,debra.jenkins537@yahoo.com,0719083764,26,Nairobi,retired,87633,direct,2023-10-06 16:50:00
149,Stephanie,Morgan,stephanie.morgan651@gmail.com,0760103798,23,Nakuru,employed,46604,organic_search,2023-01-09 11:50:00
150,Dennis,Nelson,dennis.nelson46@gmail.com,0755439043,29,Thika,retired,77722,social_media,2023-03-31 21:29:00
151,Karen,Rodriguez,karen.rodriguez38@gmail.com,0715879578,50,Chicago,employed,67196,social_media,2023-01-22 10:59:00
152,Samuel,Allen,samuel.allen772@yahoo.com,0748401154,23,Cairo,employed,119771,paid_search,2023-01-25 20:21:00
153,Laura,Phillips,laura.phillips917@yahoo.com,0755504725,49,New York,employed,119502,direct,2023-09-12 22:31:00
154,Jeffrey,Hernandez,jeffrey.hernandez81@gmail.com,0734220459,48,Abuja,employed,53750,referral,2023-06-14 03:05:00
155,Cynthia,Sanders,cynthia.sanders171@yahoo.com,0757183837,48,Mombasa,employed,118740,paid_search,2023-06-30 19:27:00
156,Barbara,Jenkins,barbara.jenkins416@gmail.com,0731473054,61,Eldoret,unemployed,570,direct,2023-03-15 19:43:00
157,William,Walker,william.walker376@gmail.com,0786134287,62,London,retired,63760,organic_search,2023-03-20 21:28:00
158,Barbara,James,barbara.james543@gmail.com,0752196099,29,New York,self_employed,80410,referral,2023-05-08 03:01:00
159,Stephanie,Gray,stephanie.gray269@yahoo.com,0769897763,28,Malindi,student,8047,organic_search,2023-11-10 09:44:00
160,Sarah,Moore,sarah.moore463@gmail.com,0769741812,25,Chicago,employed,23511,direct,2023-12-16 10:42:00
161,Brenda,Nguyen,brenda.nguyen872@gmail.com,0795590648,40,Eldoret,employed,41342,organic_search,2023-07-05 16:14:00
162,Timothy,Bailey,timothy.bailey370@yahoo.com,0759514418,22,Abuja,student,1077,paid_search,2023-10-10 04:39:00
163,Larry,Bell,larry.bell421@yahoo.com,0787161840,54,New York,employed,104143,organic_search,2023-06-12 20:04:00
164,Eric,Taylor,eric.taylor656@yahoo.com,0727318510,56,Thika,employed,36581,paid_search,2023-01-29 03:33:00
165,Carol,Lewis,carol.lewis971@yahoo.com,0748124318,43,Eldoret,retired,50972,email_campaign,2023-05-09 06:40:00
166,Aaron,Hill,aaron.hill547@gmail.com,0796031876,60,Phoenix,self_employed,109454,organic_search,2023-10-25 04:10:00
167,Amanda,Ramirez,amanda.ramirez846@yahoo.com,0720901547,23,Houston,self_employed,115526,organic_search,2023-11-25 18:16:00
168,Sharon,Bennett,sharon.bennett32@gmail.com,0794176528,61,Johannesburg,employed,104783,referral,2023-11-25 09:30:00
169,Jacob,Reed,jacob.reed706@gmail.com,0769002851,25,Accra,self_employed,55970,paid_search,2023-08-26 06:21:00
170,Catherine,Hall,catherine.hall134@yahoo.com,0779119463,46,Kitale,employed,73929,referral,2023-06-13 07:29:00
171,Charles,Gonzalez,charles.gonzalez298@yahoo.com,0792594562,24,Malindi,self_employed,55988,paid_search,2023-03-23 10:59:00
172,Kevin,Bailey,kevin.bailey479@gmail.com,0751411602,53,Malindi,employed,46552,paid_search,2023-02-16 12:32:00
173,Dennis,Rivera,dennis.rivera52@gmail.com,0790197611,24,Nakuru,employed,16071,email_campaign,2023-12-01 21:30:00
174,Laura,Moore,laura.moore745@gmail.com,0764123845,37,Chicago,self_employed,62516,paid_search,2023-07-25 01:36:00
175,Ryan,Martinez,ryan.martinez517@gmail.com,0783800569,45,Johannesburg,employed,27672,organic_search,2023-11-16 21:39:00
176,Deborah,Baker,deborah.baker962@gmail.com,0729363237,56,Eldoret,employed,20100,organic_search,2023-09-18 12:32:00
177,Janet,Nelson,janet.nelson532@gmail.com,0791370909,51,Johannesburg,self_employed,36299,email_campaign,2023-03-13 10:59:00
178,Tyler,Hill,tyler.hill345@yahoo.com,0778412668,58,Cairo,employed,17180,referral,2023-12-29 18:19:00
179,Nicholas,Perry,nicholas.perry427@yahoo.com,0794457912,28,Houston,unemployed,12716,organic_search,2023-08-31 08:41:00
180,Emma,Robinson,emma.robinson598@gmail.com,0780361272,24,Mombasa,unemployed,3968,referral,2023-11-14 12:09:00
181,Emma,Anderson,emma.anderson20@gmail.com,0766207740,33,Manchester,employed,95147,organic_search,2023-12-20 06:26:00
182,Peter,Davis,peter.davis532@gmail.com,0753627409,29,London,employed,37699,direct,2023-09-02 16:24:00
183,Alexander,Baker,alexander.baker363@yahoo.com,0796343485,55,Lagos,employed,47311,social_media,2023-05-16 19:30:00
184,Pamela,Hill,pamela.hill965@yahoo.com,0749945150,35,Manchester,self_employed,56555,social_media,2023-12-27 06:44:00
185,Eric,Gray,eric.gray295@gmail.com,0782905845,38,Mombasa,unemployed,4758,paid_search,2023-07-22 11:49:00
186,Ryan,Hernandez,ryan.hernandez947@gmail.com,0744419327,43,Lagos,employed,88664,social_media,2023-04-20 06:52:00
187,Karen,Wilson,karen.wilson759@yahoo.com,0742542167,60,Cape Town,employed,28133,organic_search,2023-09-29 07:40:00
188,Nicholas,Morgan,nicholas.morgan698@yahoo.com,0710695441,27,Manchester,retired,77350,direct,2023-03-22 13:41:00
189,Christine,Sanchez,christine.sanchez329@gmail.com,0717940667,39,Mombasa,employed,111821,email_campaign,2023-02-15 20:36:00
190,Brian,Collins,brian.collins957@yahoo.com,0763283709,32,Mombasa,student,14364,social_media,2023-04-06 23:55:00
191,Mary,Hill,mary.hill618@gmail.com,0754968591,57,New York,employed,32589,paid_search,2023-11-25 17:33:00
192,Kathleen,Wright,kathleen.wright829@gmail.com,0731809610,33,Accra,employed,111549,social_media,2023-11-28 08:45:00
193,Donna,Ramirez,donna.ramirez776@gmail.com,0792000924,64,Nakuru,employed,67538,email_campaign,2023-07-27 13:32:00
194,Betty,Moore,betty.moore332@yahoo.com,0710916723,51,Abuja,employed,58204,organic_search,2023-05-01 14:48:00
195,Dennis,James,dennis.james268@yahoo.com,0741715995,21,New York,employed,104925,organic_search,2023-03-02 14:19:00
196,Douglas,Flores,douglas.flores121@yahoo.com,0749599276,65,Phoenix,employed,74634,paid_search,2023-04-24 07:08:00
197,Deborah,Collins,deborah.collins563@yahoo.com,0782144402,65,Kisumu,unemployed,14305,social_media,2023-04-22 07:43:00
198,Anna,Rogers,anna.rogers721@gmail.com,0785721444,54,Thika,self_employed,34641,organic_search,2023-10-08 16:12:00
199,Carol,Cox,carol.cox120@yahoo.com,0788268756,49,New York,employed,32294,paid_search,2023-09-19 14:51:00
200,Sharon,Reed,sharon.reed60@yahoo.com,0751361818,57,Houston,employed,43560,social_media,2023-07-22 08:52:00
201,Barbara,Garcia,barbara.garcia353@yahoo.com,0782633735,48,Eldoret,employed,38590,direct,2023-02-05 15:02:00
202,Jose,Ross,jose.ross384@yahoo.com,0761335545,47,Chicago,self_employed,101742,paid_search,2023-07-13 12:05:00
203,Karen,Henderson,karen.henderson122@gmail.com,0782109613,43,Nairobi,student,12389,paid_search,2023-03-07 23:14:00
204,Jacob,Cook,jacob.cook737@yahoo.com,0781394920,64,Malindi,employed,51129,paid_search,2023-04-28 07:29:00
205,Zachary,Anderson,zachary.anderson829@yahoo.com,0792533595,23,Mombasa,employed,92849,social_media,2023-01-09 07:13:00
206,Cynthia,Kelly,cynthia.kelly721@yahoo.com,0742847661,64,Mombasa,employed,113878,social_media,2023-07-25 14:14:00
207,Karen,Cooper,karen.cooper240@yahoo.com,0787324220,39,Eldoret,employed,54552,paid_search,2023-11-03 21:52:00
208,Adam,Cox,adam.cox424@gmail.com,0718181595,35,Cape Town,employed,103965,referral,2023-10-30 23:58:00
209,Pamela,Bailey,pamela.bailey996@gmail.com,0796344420,24,Abuja,employed,34558,referral,2023-09-26 10:44:00
210,Stephen,White,stephen.white485@gmail.com,0740245233,55,Chicago,employed,22552,paid_search,2023-12-29 04:51:00
211,Justin,Collins,justin.collins543@gmail.com,0742595918,56,Cairo,student,13879,organic_search,2023-06-19 20:05:00
212,Susan,Ward,susan.ward53@gmail.com,0791197624,33,Chicago,unemployed,11867,referral,2023-02-07 06:51:00
213,Sandra,Bell,sandra.bell891@yahoo.com,0750693207,34,Nakuru,employed,112186,direct,2023-01-08 06:59:00
214,Maria,Bell,maria.bell713@yahoo.com,0737449289,36,London,unemployed,6236,paid_search,2023-05-03 17:20:00
215,Alexander,Henderson,alexander.henderson316@gmail.com,0778829070,43,Accra,retired,76537,email_campaign,2023-08-27 03:51:00
216,Edward,Mitchell,edward.mitchell424@gmail.com,0739698906,41,Cape Town,retired,90909,social_media,2023-01-09 08:35:00
217,Donna,Martin,donna.martin338@gmail.com,0786475853,33,Lagos,retired,59245,email_campaign,2023-09-13 17:41:00
218,Raymond,Ross,raymond.ross472@gmail.com,0757268285,52,Mombasa,student,8882,organic_search,2023-10-07 15:11:00
219,Anna,Jones,anna.jones968@yahoo.com,0716511491,25,Eldoret,self_employed,23908,social_media,2023-07-31 04:53:00
220,Mary,Ramirez,mary.ramirez467@gmail.com,0792924441,53,Chicago,employed,15866,referral,2023-11-12 15:42:00
221,Patrick,Evans,patrick.evans18@yahoo.com,0746875077,21,Cape Town,unemployed,11043,referral,2023-05-27 00:32:00
222,Brian,Wilson,brian.wilson537@gmail.com,0735760684,27,Cairo,unemployed,1294,referral,2023-05-10 11:17:00
223,Rebecca,Reed,rebecca.reed250@yahoo.com,0740314047,57,Kisumu,self_employed,19152,paid_search,2023-02-11 20:54:00
224,Rebecca,Carter,rebecca.carter566@gmail.com,0795462880,45,Accra,student,10566,organic_search,2023-03-29 02:31:00
225,Jack,Gonzalez,jack.gonzalez942@gmail.com,0738375916,54,Lagos,employed,24744,email_campaign,2023-12-21 18:30:00
226,Brenda,Ramirez,brenda.ramirez34@gmail.com,0752209421,63,Johannesburg,unemployed,11677,organic_search,2023-04-17 18:09:00
227,Barbara,Hill,barbara.hill578@gmail.com,0762231715,31,Kisumu,unemployed,2292,referral,2023-10-04 10:24:00
228,Gregory,Hall,gregory.hall101@gmail.com,0720202996,24,Nairobi,retired,57778,paid_search,2023-11-11 19:25:00
229,Katherine,Wright,katherine.wright503@gmail.com,0784227466,49,Kisumu,self_employed,64816,direct,2023-08-10 05:43:00
230,Samantha,Nguyen,samantha.nguyen731@gmail.com,0745966597,36,Cairo,self_employed,56507,organic_search,2023-12-31 20:09:00
231,Jessica,Lopez,jessica.lopez966@gmail.com,0758307308,21,Chicago,employed,73830,social_media,2023-02-22 04:05:00
232,Pamela,Richardson,pamela.richardson106@gmail.com,0757501571,47,Nairobi,employed,65493,referral,2023-11-02 19:50:00
233,Donna,Evans,donna.evans798@gmail.com,0785099723,45,Thika,employed,64903,email_campaign,2023-05-05 18:33:00
234,Karen,Wright,karen.wright275@gmail.com,0718491573,40,Cairo,employed,25082,organic_search,2023-05-22 13:19:00
235,Jason,Young,jason.young508@yahoo.com,0736246038,61,Phoenix,retired,58544,paid_search,2023-03-11 09:00:00
236,Stephen,Nelson,stephen.nelson343@gmail.com,0797380687,49,Malindi,self_employed,106133,direct,2023-03-11 09:20:00
237,Amy,Green,amy.green988@gmail.com,0752833932,32,Kitale,retired,117494,paid_search,2023-12-22 20:31:00
238,Carol,Carter,carol.carter837@yahoo.com,0758991556,38,Chicago,retired,38583,organic_search,2023-10-16 06:37:00
239,Patricia,Cook,patricia.cook449@yahoo.com,0719282319,34,Kitale,employed,54692,social_media,2023-07-29 21:31:00
240,Jason,Coleman,jason.coleman733@gmail.com,0760598851,30,Cape Town,employed,81402,organic_search,2023-11-03 15:37:00
241,Brenda,Jones,brenda.jones719@yahoo.com,0782062301,44,Cairo,employed,102122,referral,2023-02-13 03:49:00
242,Nancy,Ross,nancy.ross46@yahoo.com,0796574622,60,Nakuru,employed,16382,referral,2023-07-24 10:50:00
243,Kimberly,Lewis,kimberly.lewis765@yahoo.com,0787915846,53,Houston,employed,116232,social_media,2023-04-24 14:23:00
244,Nathan,Cooper,nathan.cooper354@yahoo.com,0774796438,30,Eldoret,student,11962,organic_search,2023-08-01 02:07:00
245,Eric,Flores,eric.flores467@yahoo.com,0779942848,42,Accra,self_employed,74303,paid_search,2023-09-01 03:28:00
246,William,Hill,william.hill830@yahoo.com,0713031322,23,Kitale,unemployed,12132,email_campaign,2023-11-28 03:43:00
247,Frank,Thompson,frank.thompson164@gmail.com,0767226329,56,Cape Town,employed,98948,direct,2023-04-29 12:40:00
248,Larry,Brown,larry.brown905@gmail.com,0789484162,60,Kisumu,employed,113608,paid_search,2023-01-03 22:13:00
249,Emma,Wilson,emma.wilson192@gmail.com,0736450861,55,Accra,employed,98769,paid_search,2023-05-15 21:55:00
250,Jerry,Roberts,jerry.roberts402@yahoo.com,0756697654,60,Abuja,unemployed,11566,paid_search,2023-08-23 19:11:00
251,Tyler,Brooks,tyler.brooks689@gmail.com,0725819123,26,Johannesburg,self_employed,81954,organic_search,2023-03-01 05:23:00
252,Sharon,Kelly,sharon.kelly589@gmail.com,0734931439,29,Chicago,self_employed,37706,paid_search,2023-10-03 22:58:00
253,Nancy,Murphy,nancy.murphy144@gmail.com,0770532325,39,Chicago,employed,65324,referral,2023-07-03 00:31:00
254,Gregory,Henderson,gregory.henderson419@yahoo.com,0765784972,52,Kitale,employed,19044,social_media,2023-08-16 15:10:00
255,Donna,Jones,donna.jones231@yahoo.com,0732576626,38,New York,unemployed,9006,social_media,2023-10-17 23:49:00
256,Joseph,James,joseph.james275@yahoo.com,0759239353,28,Nakuru,employed,70725,referral,2023-01-22 23:28:00
257,Peter,Henderson,peter.henderson305@yahoo.com,0714325890,36,Kitale,student,1923,paid_search,2023-06-28 02:28:00
258,Edward,Brooks,edward.brooks360@yahoo.com,0791907952,65,Malindi,unemployed,13328,referral,2023-03-26 19:08:00
259,Linda,Ramirez,linda.ramirez546@gmail.com,0782312290,43,Nakuru,self_employed,82425,organic_search,2023-12-27 09:18:00
260,Karen,Evans,karen.evans284@yahoo.com,0727030641,24,Johannesburg,self_employed,47447,social_media,2023-03-09 07:09:00
261,Raymond,Jackson,raymond.jackson648@gmail.com,0765596350,57,Johannesburg,student,1525,paid_search,2023-02-08 20:50:00
262,Shirley,Scott,shirley.scott959@yahoo.com,0771028216,65,Kisumu,student,13879,direct,2023-06-17 18:00:00
263,Catherine,Reed,catherine.reed681@yahoo.com,0718500100,61,Lagos,unemployed,8105,social_media,2023-07-23 06:27:00
264,Carol,Torres,carol.torres561@yahoo.com,0785986307,42,London,employed,28051,email_campaign,2023-06-25 21:48:00
265,John,Thomas,john.thomas452@gmail.com,0767418250,31,Lagos,self_employed,35837,organic_search,2023-12-19 04:56:00
266,Susan,Henderson,susan.henderson257@gmail.com,0799188862,44,Kitale,self_employed,110156,email_campaign,2023-03-26 01:25:00
267,Scott,Henderson,scott.henderson721@gmail.com,0738644905,26,Nairobi,employed,73335,paid_search,2023-03-09 18:14:00
268,Mary,Baker,mary.baker881@gmail.com,0727740248,28,Nakuru,self_employed,28425,paid_search,2023-04-28 12:05:00
269,Gary,Mitchell,gary.mitchell141@gmail.com,0727870584,40,Phoenix,employed,16110,referral,2023-12-13 04:04:00
270,Christine,Perez,christine.perez360@yahoo.com,0794299475,49,Kisumu,employed,43474,social_media,2023-07-30 19:43:00
271,Richard,Moore,richard.moore604@yahoo.com,0757182314,28,Kitale,employed,26042,direct,2023-06-11 04:15:00
272,Patrick,Kelly,patrick.kelly739@yahoo.com,0713600310,59,Malindi,employed,81784,email_campaign,2023-12-04 09:13:00
273,Maria,Turner,maria.turner662@gmail.com,0742123815,39,New York,self_employed,24307,paid_search,2023-02-27 07:31:00
274,Mary,Campbell,mary.campbell136@gmail.com,0786286724,41,Kisumu,unemployed,12621,paid_search,2023-10-07 21:11:00
275,John,Brooks,john.brooks15@gmail.com,0715345470,25,Cape Town,self_employed,80673,email_campaign,2023-07-23 16:18:00
276,Scott,Phillips,scott.phillips656@yahoo.com,0792684436,26,Eldoret,employed,41633,organic_search,2023-02-12 09:05:00
277,Alexander,Adams,alexander.adams601@yahoo.com,0797219985,46,Mombasa,employed,46278,social_media,2023-02-03 09:44:00
278,Dorothy,Lopez,dorothy.lopez119@gmail.com,0791716102,48,Nairobi,self_employed,30655,organic_search,2023-12-08 23:42:00
279,Douglas,Moore,douglas.moore12@gmail.com,0756533974,65,Lagos,employed,117383,referral,2023-05-13 05:23:00
280,Catherine,Thomas,catherine.thomas344@yahoo.com,0746504617,22,London,self_employed,80031,referral,2023-05-15 22:36:00
281,Shirley,Campbell,shirley.campbell512@yahoo.com,0732398441,24,Nakuru,self_employed,109736,paid_search,2023-05-11 03:57:00
282,Ashley,Richardson,ashley.richardson46@yahoo.com,0711649277,21,Mombasa,student,2932,organic_search,2023-08-30 11:24:00
283,Patrick,Henderson,patrick.henderson230@gmail.com,0765869014,47,Nakuru,employed,63864,email_campaign,2023-06-13 08:52:00
284,Gregory,Perry,gregory.perry184@gmail.com,0779226031,24,Abuja,employed,52002,direct,2023-07-25 02:56:00
285,Carol,Lopez,carol.lopez468@gmail.com,0736933626,56,Houston,employed,63270,paid_search,2023-06-05 23:39:00
286,Angela,Sanchez,angela.sanchez779@yahoo.com,0730208677,55,Nairobi,employed,98354,organic_search,2023-07-29 00:14:00
287,Nicholas,Smith,nicholas.smith386@yahoo.com,0751273379,63,Eldoret,employed,22850,organic_search,2023-09-29 07:26:00
288,Janet,Scott,janet.scott45@yahoo.com,0779760901,26,New York,employed,27527,paid_search,2023-07-10 14:47:00
289,Karen,Barnes,karen.barnes77@yahoo.com,0718359464,46,Johannesburg,employed,56288,paid_search,2023-03-08 07:18:00
290,Carolyn,Adams,carolyn.adams464@gmail.com,0720024377,41,London,employed,36544,direct,2023-03-11 18:06:00
291,Kathleen,Green,kathleen.green124@yahoo.com,0737868462,47,Abuja,employed,35658,paid_search,2023-08-26 08:54:00
292,Douglas,Sanders,douglas.sanders221@yahoo.com,0753995720,23,Abuja,employed,21416,organic_search,2023-12-31 07:22:00
293,Kimberly,Thompson,kimberly.thompson975@gmail.com,0770693413,22,Eldoret,employed,119046,referral,2023-10-09 07:06:00
294,Sarah,Johnson,sarah.johnson851@yahoo.com,0739835008,24,Kisumu,self_employed,99500,organic_search,2023-07-25 11:43:00
295,Dennis,Brooks,dennis.brooks940@yahoo.com,0712925970,37,Accra,unemployed,1506,direct,2023-04-12 20:28:00
296,Sarah,Garcia,sarah.garcia52@gmail.com,0787025433,50,Thika,employed,70923,paid_search,2023-07-22 15:01:00
297,Melissa,Ramirez,melissa.ramirez282@gmail.com,0729948970,32,Cape Town,self_employed,80390,organic_search,2023-11-14 19:15:00
298,Patrick,Bell,patrick.bell90@gmail.com,0728419506,24,Nairobi,self_employed,86258,paid_search,2023-11-26 16:15:00
299,Stephen,Rivera,stephen.rivera558@yahoo.com,0756175477,51,Accra,employed,18416,email_campaign,2023-09-15 10:24:00
300,Jerry,Lewis,jerry.lewis918@yahoo.com,0747706144,22,Thika,unemployed,3813,organic_search,2023-08-30 16:22:00
301,Richard,Young,richard.young247@gmail.com,0717503932,63,Cairo,retired,65911,social_media,2023-04-23 18:54:00
302,Brian,Thompson,brian.thompson607@gmail.com,0758155056,36,Houston,employed,89403,email_campaign,2023-01-15 22:44:00
303,Charles,Ramirez,charles.ramirez857@yahoo.com,0776065552,33,Phoenix,employed,45490,referral,2023-03-31 15:02:00
304,Ronald,Williams,ronald.williams490@gmail.com,0792427773,54,Mombasa,employed,57413,organic_search,2023-03-08 10:45:00
305,John,Jackson,john.jackson722@yahoo.com,0724887509,58,Johannesburg,self_employed,101787,email_campaign,2023-07-06 02:23:00
306,Nicole,Gonzalez,nicole.gonzalez310@gmail.com,0731139813,42,Chicago,self_employed,37833,social_media,2023-08-12 20:31:00
307,Nathan,Price,nathan.price229@yahoo.com,0733535297,43,Houston,employed,15235,paid_search,2023-12-19 09:08:00
308,Larry,Ramirez,larry.ramirez187@yahoo.com,0792058189,23,Kisumu,employed,58406,organic_search,2023-10-17 03:59:00
309,Timothy,Hall,timothy.hall172@yahoo.com,0721908603,41,Nairobi,student,7317,social_media,2023-12-10 20:46:00
310,Kimberly,Clark,kimberly.clark710@gmail.com,0744448045,36,Thika,employed,70004,social_media,2023-01-01 01:24:00
311,Justin,Bailey,justin.bailey360@yahoo.com,0723613510,45,London,self_employed,36319,social_media,2023-10-23 20:48:00
312,Barbara,Jones,barbara.jones21@gmail.com,0724055958,39,Kisumu,self_employed,86702,organic_search,2023-03-29 12:10:00
313,Amanda,Kelly,amanda.kelly915@gmail.com,0714159837,60,Mombasa,student,2573,paid_search,2023-12-01 05:38:00
314,Richard,Nelson,richard.nelson998@gmail.com,0784371711,34,Nakuru,employed,46135,social_media,2023-10-04 08:42:00
315,Michael,Turner,michael.turner563@yahoo.com,0730614492,57,Phoenix,employed,101772,organic_search,2023-01-02 13:05:00
316,Amy,Sanchez,amy.sanchez27@gmail.com,0795656500,27,Johannesburg,employed,117875,paid_search,2023-02-11 15:54:00
317,Samuel,Murphy,samuel.murphy272@gmail.com,0783031359,63,Lagos,employed,20848,paid_search,2023-07-09 12:23:00
318,Brandon,Cook,brandon.cook232@yahoo.com,0785731895,37,Chicago,employed,60061,organic_search,2023-12-23 21:06:00
319,Justin,Brooks,justin.brooks567@gmail.com,0761956500,35,Houston,student,7779,social_media,2023-08-03 17:43:00
320,Timothy,Morgan,timothy.morgan81@gmail.com,0714661179,40,Nakuru,retired,34326,referral,2023-09-22 18:43:00
321,Cynthia,Thompson,cynthia.thompson996@gmail.com,0735867257,31,Eldoret,employed,97211,organic_search,2023-08-05 02:43:00
322,Jerry,King,jerry.king933@yahoo.com,0718994192,41,New York,employed,51202,organic_search,2023-10-12 12:35:00
323,Benjamin,Johnson,benjamin.johnson639@yahoo.com,0766316931,65,Nakuru,self_employed,114402,organic_search,2023-03-18 04:36:00
324,Jessica,Ramirez,jessica.ramirez805@gmail.com,0781891508,27,Phoenix,self_employed,89976,email_campaign,2023-07-30 08:24:00
325,Samuel,Jones,samuel.jones283@gmail.com,0792979370,32,Kitale,employed,58449,referral,2023-12-22 12:02:00
326,Michael,Morgan,michael.morgan919@gmail.com,0755347617,38,Nakuru,student,14061,social_media,2023-06-05 09:17:00
327,Ashley,Moore,ashley.moore998@yahoo.com,0753066216,40,Malindi,employed,72896,organic_search,2023-08-02 19:41:00
328,Justin,Murphy,justin.murphy889@gmail.com,0717543817,54,Eldoret,self_employed,67872,referral,2023-03-23 02:19:00
329,Anna,Ramirez,anna.ramirez178@gmail.com,0736941091,22,Malindi,employed,62235,email_campaign,2023-05-08 01:29:00
330,Emily,Mitchell,emily.mitchell518@gmail.com,0726625933,50,Manchester,self_employed,38276,social_media,2023-05-04 11:31:00
331,Nicole,Peterson,nicole.peterson353@gmail.com,0744716747,43,Thika,employed,21507,social_media,2023-12-19 02:18:00
332,Emma,Ramirez,emma.ramirez663@gmail.com,0737746963,35,Nairobi,student,12575,organic_search,2023-07-29 16:01:00
333,Samuel,Taylor,samuel.taylor178@yahoo.com,0711135982,62,Lagos,retired,99245,organic_search,2023-11-08 09:45:00
334,Scott,Carter,scott.carter471@gmail.com,0772639147,43,New York,self_employed,15963,paid_search,2023-09-24 19:25:00
335,Adam,Mitchell,adam.mitchell663@yahoo.com,0747940248,56,Accra,employed,51239,paid_search,2023-02-25 15:04:00
336,Emily,King,emily.king729@yahoo.com,0797438349,62,Phoenix,employed,22441,paid_search,2023-03-18 16:48:00
337,Rebecca,Coleman,rebecca.coleman698@gmail.com,0713416548,41,Mombasa,employed,65891,referral,2023-06-01 08:58:00
338,Dennis,James,dennis.james352@yahoo.com,0739845082,33,New York,retired,61988,social_media,2023-11-23 15:58:00
339,Jacob,Perez,jacob.perez898@yahoo.com,0749431028,63,Thika,self_employed,88273,organic_search,2023-03-07 23:16:00
340,Rachel,Nelson,rachel.nelson92@gmail.com,0739974566,62,Lagos,student,6089,social_media,2023-06-07 13:50:00
341,Dennis,Nguyen,dennis.nguyen872@gmail.com,0717204398,50,New York,employed,40499,email_campaign,2023-10-26 18:39:00
342,Sarah,Powell,sarah.powell543@gmail.com,0717256074,45,London,employed,89632,email_campaign,2023-03-19 04:12:00
343,Charles,Green,charles.green798@gmail.com,0754644768,32,Lagos,employed,74251,referral,2023-04-01 10:40:00
344,Edward,Perez,edward.perez783@gmail.com,0721816709,57,Johannesburg,employed,77573,organic_search,2023-08-11 20:27:00
345,James,Jones,james.jones205@yahoo.com,0711889398,55,Kitale,self_employed,97141,email_campaign,2023-09-29 06:01:00
346,Ronald,Long,ronald.long320@gmail.com,0761479273,43,Abuja,unemployed,4885,referral,2023-06-06 05:04:00
347,Benjamin,Cox,benjamin.cox537@gmail.com,0727956913,59,Nairobi,employed,67873,paid_search,2023-09-08 11:48:00
348,Ashley,Lewis,ashley.lewis217@yahoo.com,0789147232,29,Johannesburg,self_employed,19897,referral,2023-03-05 11:45:00
349,Katherine,Allen,katherine.allen639@gmail.com,0716437132,55,London,self_employed,69627,referral,2023-12-01 00:03:00
350,Stephen,Thomas,stephen.thomas259@gmail.com,0730552371,56,Nakuru,employed,101725,organic_search,2023-12-18 20:00:00
351,Adam,Cox,adam.cox638@yahoo.com,0728409776,38,Nakuru,self_employed,52054,paid_search,2023-02-23 16:46:00
352,Jessica,Bailey,jessica.bailey624@gmail.com,0745298445,33,Mombasa,employed,36020,email_campaign,2023-04-14 11:45:00
353,Patrick,Bailey,patrick.bailey705@yahoo.com,0754372866,34,Houston,student,13684,organic_search,2023-01-07 21:05:00
354,Debra,Bailey,debra.bailey973@gmail.com,0778679929,30,Lagos,employed,53800,organic_search,2023-02-21 08:41:00
355,Kathleen,Miller,kathleen.miller833@gmail.com,0715294153,27,Nakuru,employed,30191,email_campaign,2023-07-04 21:20:00
356,Jennifer,Johnson,jennifer.johnson680@yahoo.com,0754112109,29,Cairo,student,1522,paid_search,2023-08-13 19:17:00
357,Amanda,White,amanda.white411@gmail.com,0771275585,28,Thika,employed,70278,organic_search,2023-07-17 22:54:00
358,Joseph,Taylor,joseph.taylor744@gmail.com,0731393688,65,Thika,self_employed,72430,organic_search,2023-10-30 15:51:00
359,Tyler,Carter,tyler.carter627@gmail.com,0727536261,43,Kisumu,employed,21025,paid_search,2023-09-07 03:56:00
360,Kimberly,Henderson,kimberly.henderson13@yahoo.com,0780439867,41,Accra,employed,102797,social_media,2023-10-23 23:36:00
361,Frank,Cox,frank.cox718@yahoo.com,0768095862,65,Johannesburg,self_employed,99070,referral,2023-05-08 15:22:00
362,Lisa,Gray,lisa.gray56@gmail.com,0731062435,60,Manchester,employed,113491,referral,2023-08-29 15:55:00
363,Carol,Walker,carol.walker994@gmail.com,0778038903,42,London,unemployed,1291,organic_search,2023-11-26 12:25:00
364,Brandon,James,brandon.james91@yahoo.com,0770004467,49,Cape Town,employed,67879,paid_search,2023-09-12 23:41:00
365,Robert,Gray,robert.gray1@yahoo.com,0791094790,56,London,employed,42112,direct,2023-11-23 09:56:00
366,Amanda,Campbell,amanda.campbell837@gmail.com,0770996586,24,London,self_employed,62617,paid_search,2023-11-14 19:30:00
367,Joseph,Gonzalez,joseph.gonzalez228@gmail.com,0757665946,63,Mombasa,employed,28935,social_media,2023-05-30 17:33:00
368,Nancy,Bailey,nancy.bailey842@yahoo.com,0764923338,29,Malindi,employed,66497,organic_search,2023-11-09 06:12:00
369,Benjamin,Harris,benjamin.harris111@yahoo.com,0716241172,42,London,unemployed,7381,email_campaign,2023-12-11 18:07:00
370,Adam,Brooks,adam.brooks138@yahoo.com,0710582186,53,Manchester,employed,91692,referral,2023-01-25 17:59:00
371,Shirley,Thompson,shirley.thompson593@gmail.com,0727231111,65,Johannesburg,student,8259,organic_search,2023-12-03 19:38:00
372,Sharon,Sanders,sharon.sanders781@gmail.com,0763401206,65,Phoenix,employed,69099,direct,2023-05-31 14:51:00
373,Carolyn,Richardson,carolyn.richardson864@yahoo.com,0752132393,40,Abuja,employed,96810,social_media,2023-10-11 20:13:00
374,Rachel,Hall,rachel.hall136@yahoo.com,0797253117,64,Nakuru,self_employed,57255,direct,2023-04-02 16:34:00
375,Melissa,Gray,melissa.gray597@yahoo.com,0799544328,51,Cape Town,student,4684,social_media,2023-12-12 23:57:00
376,Mary,Cox,mary.cox26@gmail.com,0717122263,27,Lagos,unemployed,4695,referral,2023-04-13 08:48:00
377,Charles,Davis,charles.davis804@gmail.com,0782634888,65,Chicago,student,12115,organic_search,2023-08-20 03:39:00
378,Ronald,Ross,ronald.ross399@gmail.com,0748606206,56,Accra,employed,118299,social_media,2023-01-25 12:24:00
379,Patrick,Miller,patrick.miller762@gmail.com,0793290380,21,Cairo,self_employed,108001,email_campaign,2023-08-15 07:58:00
380,Nicole,Torres,nicole.torres202@yahoo.com,0735970823,59,New York,employed,37779,paid_search,2023-04-01 21:04:00
381,Sarah,Carter,sarah.carter439@gmail.com,0745465638,23,Eldoret,employed,108020,organic_search,2023-10-27 08:00:00
382,Jennifer,Martin,jennifer.martin612@gmail.com,0793935292,41,Cairo,unemployed,9013,referral,2023-12-05 09:31:00
383,Barbara,Green,barbara.green226@yahoo.com,0779874593,54,Kisumu,employed,67876,organic_search,2023-09-16 05:26:00
384,Eric,Lewis,eric.lewis680@gmail.com,0758425464,34,Nairobi,retired,113583,paid_search,2023-11-13 16:30:00
385,Joseph,Jenkins,joseph.jenkins457@gmail.com,0796203262,43,Johannesburg,self_employed,57065,referral,2023-11-15 07:02:00
386,Joseph,Roberts,joseph.roberts554@yahoo.com,0713315946,37,Mombasa,employed,78806,email_campaign,2023-07-11 16:51:00
387,Donna,Henderson,donna.henderson329@yahoo.com,0722879054,33,Malindi,self_employed,42627,organic_search,2023-10-03 17:00:00
388,Rachel,Stewart,rachel.stewart211@yahoo.com,0768416623,27,Accra,employed,75191,referral,2023-02-06 23:43:00
389,Robert,Lopez,robert.lopez56@gmail.com,0743810519,25,London,employed,65860,referral,2023-10-22 07:58:00
390,Aaron,Phillips,aaron.phillips324@gmail.com,0725878730,48,Houston,employed,112773,referral,2023-11-25 23:39:00
391,Jennifer,Martinez,jennifer.martinez951@yahoo.com,0748901209,43,Johannesburg,employed,72367,social_media,2023-06-04 19:05:00
392,Larry,Coleman,larry.coleman486@gmail.com,0739509878,22,Abuja,retired,33884,organic_search,2023-07-20 17:18:00
393,Henry,Ross,henry.ross981@yahoo.com,0784292758,44,Johannesburg,employed,93204,email_campaign,2023-03-14 03:02:00
394,Alexander,Peterson,alexander.peterson313@gmail.com,0756150987,26,Phoenix,employed,43939,organic_search,2023-11-27 16:09:00
395,Jason,Harris,jason.harris186@yahoo.com,0786140729,28,Kisumu,employed,53096,email_campaign,2023-10-09 14:41:00
396,Jason,Gonzalez,jason.gonzalez744@yahoo.com,0754406060,33,Kisumu,employed,96201,paid_search,2023-12-10 20:15:00
397,George,Green,george.green462@gmail.com,0798506156,52,Cape Town,self_employed,56462,paid_search,2023-10-27 04:36:00
398,Nancy,Smith,nancy.smith253@yahoo.com,0796011893,41,London,self_employed,77908,paid_search,2023-07-04 04:43:00
399,Cynthia,Rivera,cynthia.rivera499@yahoo.com,0733591471,40,Chicago,unemployed,14603,referral,2023-02-11 08:54:00
400,Margaret,King,margaret.king79@yahoo.com,0712500515,61,Houston,self_employed,68101,email_campaign,2023-11-20 00:52:00
401,Sandra,Jones,sandra.jones267@yahoo.com,0782434236,56,Houston,employed,116206,paid_search,2023-03-18 11:25:00
402,Catherine,Nguyen,catherine.nguyen476@yahoo.com,0722153955,29,Thika,employed,95482,paid_search,2023-09-15 00:42:00
403,Shirley,Moore,shirley.moore164@gmail.com,0785942072,49,Mombasa,employed,62028,referral,2023-03-16 23:46:00
404,Ronald,Murphy,ronald.murphy65@gmail.com,0741409454,35,Manchester,unemployed,6358,organic_search,2023-04-16 16:58:00
405,Benjamin,Garcia,benjamin.garcia665@gmail.com,0779977486,23,Thika,self_employed,89732,referral,2023-05-21 23:16:00
406,Stephen,Henderson,stephen.henderson375@yahoo.com,0720447168,45,Manchester,employed,60224,referral,2023-07-12 07:33:00
407,Amy,Sanders,amy.sanders514@yahoo.com,0769042204,21,Thika,employed,34692,organic_search,2023-02-09 16:41:00
408,Kevin,Campbell,kevin.campbell735@yahoo.com,0798732634,59,Manchester,employed,77759,organic_search,2023-06-19 23:07:00
409,Edward,Brooks,edward.brooks663@yahoo.com,0713012656,31,New York,employed,97515,organic_search,2023-03-07 18:37:00
410,Jennifer,James,jennifer.james58@gmail.com,0734164229,30,Abuja,self_employed,109312,referral,2023-07-27 19:36:00
411,David,Ramirez,david.ramirez622@yahoo.com,0774648438,49,Thika,unemployed,13442,organic_search,2023-07-30 19:09:00
412,Samantha,Coleman,samantha.coleman271@gmail.com,0755992559,53,Eldoret,employed,65523,email_campaign,2023-11-02 18:04:00
413,Jessica,Williams,jessica.williams536@yahoo.com,0777693989,33,Phoenix,employed,95576,social_media,2023-03-18 19:06:00
414,Robert,Ward,robert.ward771@gmail.com,0774725282,53,Cape Town,employed,116563,referral,2023-11-05 17:52:00
415,Frank,Collins,frank.collins896@gmail.com,0781110769,44,Houston,self_employed,112175,paid_search,2023-09-04 12:22:00
416,Richard,Stewart,richard.stewart261@gmail.com,0741207351,29,Lagos,student,6695,email_campaign,2023-02-12 09:38:00
417,George,Smith,george.smith592@yahoo.com,0779761254,21,Cairo,unemployed,6698,organic_search,2023-12-02 06:44:00
418,Jessica,Martin,jessica.martin668@yahoo.com,0745071480,48,Johannesburg,self_employed,104208,email_campaign,2023-08-05 18:23:00
419,Edward,Evans,edward.evans803@yahoo.com,0733987338,56,Cairo,retired,90713,paid_search,2023-10-12 15:16:00
420,Douglas,Turner,douglas.turner876@yahoo.com,0725983420,29,Johannesburg,employed,81629,social_media,2023-08-17 22:10:00
421,Amanda,Peterson,amanda.peterson714@yahoo.com,0716986408,60,Manchester,employed,34048,organic_search,2023-11-22 00:51:00
422,Jerry,Sanchez,jerry.sanchez66@gmail.com,0759772648,26,Phoenix,retired,67513,organic_search,2023-01-20 23:24:00
423,Christine,Cox,christine.cox729@yahoo.com,0717712557,39,New York,employed,41438,direct,2023-03-31 20:31:00
424,Ryan,Harris,ryan.harris803@yahoo.com,0779231333,23,Nairobi,employed,46359,social_media,2023-11-11 05:43:00
425,Kevin,Lopez,kevin.lopez799@gmail.com,0799880518,38,Kisumu,employed,107225,paid_search,2023-10-28 06:33:00
426,Susan,Peterson,susan.peterson744@yahoo.com,0788239864,39,Johannesburg,retired,74606,paid_search,2023-05-22 07:38:00
427,Emma,Smith,emma.smith180@gmail.com,0724289484,37,Lagos,retired,82277,referral,2023-09-15 09:21:00
428,Alexander,James,alexander.james711@gmail.com,0760610858,37,Houston,employed,75387,referral,2023-05-05 10:49:00
429,Patricia,Bell,patricia.bell265@gmail.com,0795048646,28,Cape Town,employed,56383,social_media,2023-04-23 21:44:00
430,Melissa,Cox,melissa.cox10@yahoo.com,0745346197,55,Kisumu,self_employed,59825,organic_search,2023-02-17 12:43:00
431,Patrick,Thompson,patrick.thompson322@gmail.com,0787002404,51,Kitale,self_employed,45783,organic_search,2023-12-16 06:31:00
432,Kimberly,Clark,kimberly.clark208@yahoo.com,0793026670,35,Manchester,employed,101956,paid_search,2023-02-24 03:58:00
433,Tyler,Smith,tyler.smith981@gmail.com,0774732147,55,Lagos,retired,90303,paid_search,2023-06-11 15:57:00
434,Raymond,White,raymond.white287@gmail.com,0787398691,53,New York,retired,19268,organic_search,2023-09-27 13:30:00
435,Eric,Turner,eric.turner795@gmail.com,0726155543,64,Malindi,employed,103356,social_media,2023-08-24 10:44:00
436,Stephen,Watson,stephen.watson334@gmail.com,0744856447,27,Accra,employed,95358,organic_search,2023-05-15 07:17:00
437,Jonathan,White,jonathan.white435@gmail.com,0759970552,52,Houston,employed,32188,paid_search,2023-07-25 08:28:00
438,Rachel,Robinson,rachel.robinson739@gmail.com,0741649234,27,Eldoret,unemployed,12100,referral,2023-07-15 06:09:00
439,Samuel,Johnson,samuel.johnson432@gmail.com,0794644676,32,Mombasa,employed,89427,referral,2023-06-11 15:19:00
440,Larry,Gonzalez,larry.gonzalez168@gmail.com,0744130183,65,Cairo,self_employed,49048,paid_search,2023-11-19 03:28:00
441,Jonathan,Gray,jonathan.gray955@yahoo.com,0756189726,56,Malindi,self_employed,94374,organic_search,2023-03-04 11:55:00
442,Emma,James,emma.james665@yahoo.com,0748199537,62,Kisumu,unemployed,7322,paid_search,2023-12-11 16:31:00
443,Stephen,Price,stephen.price475@yahoo.com,0729441214,39,Johannesburg,self_employed,89925,email_campaign,2023-11-24 10:26:00
444,Barbara,Hernandez,barbara.hernandez352@gmail.com,0752530677,31,London,self_employed,50553,referral,2023-12-30 08:38:00
445,Jonathan,Brooks,jonathan.brooks989@gmail.com,0732457056,54,Kisumu,employed,47983,organic_search,2023-01-12 04:46:00
446,Edward,Perez,edward.perez106@gmail.com,0773509922,46,Nakuru,unemployed,1363,referral,2023-01-14 12:33:00
447,Kimberly,Bennett,kimberly.bennett87@yahoo.com,0762324272,30,Eldoret,employed,31569,paid_search,2023-05-07 23:18:00
448,Anna,Perez,anna.perez36@yahoo.com,0753647781,22,Eldoret,employed,73306,email_campaign,2023-08-28 17:59:00
449,Carolyn,Torres,carolyn.torres606@yahoo.com,0794697764,32,Abuja,self_employed,84964,social_media,2023-10-16 13:33:00
450,Eric,Bell,eric.bell233@yahoo.com,0769305486,55,New York,employed,15012,paid_search,2023-07-31 08:09:00
451,Karen,Hall,karen.hall481@yahoo.com,0776025948,39,Abuja,unemployed,13073,direct,2023-09-02 09:00:00
452,Jerry,Robinson,jerry.robinson562@gmail.com,0765262252,21,Johannesburg,employed,111615,email_campaign,2023-08-12 12:15:00
453,Stephen,Lewis,stephen.lewis82@gmail.com,0742153442,37,Chicago,employed,99994,referral,2023-11-10 22:43:00
454,Jeffrey,Evans,jeffrey.evans874@gmail.com,0728337367,33,Phoenix,employed,106812,paid_search,2023-11-23 14:39:00
455,Raymond,Harris,raymond.harris20@gmail.com,0781802559,41,Nairobi,employed,72464,organic_search,2023-02-22 09:17:00
456,Ashley,Lopez,ashley.lopez16@gmail.com,0755890766,30,Accra,self_employed,19159,paid_search,2023-09-13 11:29:00
457,David,Jackson,david.jackson273@yahoo.com,0719581091,24,Johannesburg,student,13389,referral,2023-04-03 06:57:00
458,Mary,Thomas,mary.thomas395@yahoo.com,0769453211,36,New York,self_employed,27315,organic_search,2023-01-18 06:29:00
459,Debra,Clark,debra.clark399@yahoo.com,0751890609,51,New York,employed,87034,direct,2023-03-23 20:46:00
460,Sarah,Allen,sarah.allen654@gmail.com,0758375646,51,Accra,employed,71906,email_campaign,2023-12-08 06:07:00
461,Mary,Perez,mary.perez599@gmail.com,0742626898,38,Phoenix,self_employed,105230,organic_search,2023-01-22 18:50:00
462,Lisa,Mitchell,lisa.mitchell255@gmail.com,0722267708,26,Eldoret,employed,99485,social_media,2023-06-23 20:03:00
463,Carolyn,Ward,carolyn.ward129@gmail.com,0752512063,27,Malindi,student,12012,direct,2023-11-27 11:51:00
464,John,Long,john.long367@yahoo.com,0743647879,45,Manchester,self_employed,86137,email_campaign,2023-09-06 22:28:00
465,George,Ramirez,george.ramirez557@gmail.com,0772866875,32,London,employed,35319,organic_search,2023-11-03 17:10:00
466,Donna,King,donna.king376@gmail.com,0795634408,55,Phoenix,student,12714,referral,2023-04-05 00:39:00
467,Timothy,Adams,timothy.adams675@yahoo.com,0762008140,25,Abuja,self_employed,95352,organic_search,2023-12-16 15:49:00
468,Carol,Evans,carol.evans330@gmail.com,0780222787,62,Nakuru,student,3310,referral,2023-01-23 04:11:00
469,Raymond,Harris,raymond.harris33@yahoo.com,0762156850,27,Cairo,self_employed,21433,referral,2023-09-27 19:44:00
470,Ronald,Sanders,ronald.sanders14@yahoo.com,0738016352,25,Chicago,self_employed,62307,referral,2023-02-10 14:51:00
471,Maria,Collins,maria.collins814@yahoo.com,0792803389,44,Malindi,student,1276,organic_search,2023-01-21 23:04:00
472,Frank,Gonzalez,frank.gonzalez743@gmail.com,0761718263,27,Chicago,self_employed,38448,organic_search,2023-09-27 21:15:00
473,Maria,Gray,maria.gray765@gmail.com,0795714702,47,Thika,self_employed,28644,referral,2023-12-12 14:44:00
474,Betty,Peterson,betty.peterson517@gmail.com,0731230084,46,Chicago,employed,56307,referral,2023-11-04 14:59:00
475,Carol,Mitchell,carol.mitchell783@yahoo.com,0753412847,47,Lagos,employed,87120,referral,2023-10-16 17:13:00
476,Jonathan,Rogers,jonathan.rogers983@gmail.com,0714652375,49,Nairobi,employed,54562,direct,2023-11-02 00:33:00
477,Jacob,Lewis,jacob.lewis877@gmail.com,0747038339,34,Nakuru,student,2534,email_campaign,2023-09-19 17:36:00
478,Robert,Reed,robert.reed160@gmail.com,0759269031,43,Houston,unemployed,1505,email_campaign,2023-05-08 07:16:00
479,Rebecca,Ramirez,rebecca.ramirez752@gmail.com,0753579429,34,Houston,student,11515,social_media,2023-03-30 15:52:00
480,Richard,Kelly,richard.kelly308@gmail.com,0787347488,62,Cape Town,student,7115,paid_search,2023-01-29 10:22:00
481,Sarah,Robinson,sarah.robinson870@yahoo.com,0711534696,62,Accra,employed,20397,referral,2023-11-20 12:03:00
482,Brenda,Ramirez,brenda.ramirez335@yahoo.com,0739634895,30,Phoenix,retired,113676,organic_search,2023-12-11 23:25:00
483,Emma,Cooper,emma.cooper228@gmail.com,0762925057,26,Chicago,self_employed,21463,organic_search,2023-06-22 02:30:00
484,Rebecca,King,rebecca.king409@yahoo.com,0727498659,26,Houston,employed,100491,social_media,2023-09-04 17:12:00
485,Margaret,Gray,margaret.gray754@yahoo.com,0742522981,60,Nakuru,student,1467,organic_search,2023-08-09 10:43:00
486,Debra,Evans,debra.evans375@gmail.com,0753048774,48,Phoenix,employed,60838,paid_search,2023-12-02 00:49:00
487,Brandon,Bennett,brandon.bennett452@gmail.com,0741338443,30,Nakuru,self_employed,26247,organic_search,2023-07-11 04:48:00
488,Peter,Miller,peter.miller972@yahoo.com,0729820881,36,Abuja,self_employed,29585,email_campaign,2023-05-28 00:21:00
489,Cynthia,Morgan,cynthia.morgan340@gmail.com,0782209870,22,Phoenix,employed,78311,organic_search,2023-10-07 16:48:00
490,Catherine,Jackson,catherine.jackson716@yahoo.com,0760547291,65,Abuja,employed,22878,referral,2023-12-06 16:02:00
491,Margaret,Bennett,margaret.bennett55@gmail.com,0711118594,38,Cairo,student,10815,organic_search,2023-12-05 08:42:00
492,Jessica,Williams,jessica.williams889@yahoo.com,0761878269,39,Manchester,employed,56347,organic_search,2023-07-14 16:45:00
493,Jerry,Ward,jerry.ward191@gmail.com,0771469875,26,Abuja,employed,84391,referral,2023-12-31 00:02:00
494,Nicholas,Murphy,nicholas.murphy763@gmail.com,0756544010,46,Lagos,employed,80700,social_media,2023-07-01 20:19:00
495,Linda,Wood,linda.wood900@gmail.com,0713954845,37,Eldoret,employed,66491,direct,2023-05-24 07:09:00
496,Susan,Carter,susan.carter984@yahoo.com,0793956490,54,Phoenix,employed,55944,social_media,2023-08-02 07:36:00
497,Nicholas,Rogers,nicholas.rogers135@gmail.com,0728599426,55,New York,employed,105247,referral,2023-12-17 06:55:00
498,Karen,Sanchez,karen.sanchez672@yahoo.com,0731212832,30,Eldoret,employed,56628,paid_search,2023-10-13 17:46:00
499,Catherine,Brown,catherine.brown902@yahoo.com,0765197277,41,Nakuru,employed,39632,paid_search,2023-11-23 23:17:00
500,Thomas,White,thomas.white781@yahoo.com,0792805158,22,Nairobi,self_employed,45266,organic_search,2023-10-18 19:14:00
