event_id,application_id,stage,event_timestamp,notes
1,1,submitted,2023-02-25 11:47:00,Application received
2,1,under_review,2023-02-25 19:47:00,Assigned to review team
3,1,verified,2023-02-28 23:47:00,Documents verified successfully
4,2,submitted,2023-10-17 06:45:00,Application received
5,2,under_review,2023-10-18 10:45:00,Assigned to review team
6,2,verified,2023-10-21 07:45:00,Documents verified successfully
7,3,submitted,2023-03-24 19:27:00,Application received
8,3,under_review,2023-03-26 11:27:00,Assigned to review team
9,3,verified,2023-03-29 01:27:00,Documents verified successfully
10,3,approved,2023-03-31 10:27:00,Loan approved by underwriter
11,4,submitted,2023-01-24 01:29:00,Application received
12,4,under_review,2023-01-25 18:29:00,Assigned to review team
13,4,verified,2023-01-26 07:29:00,Documents verified successfully
14,5,submitted,2023-12-28 04:02:00,Application received
15,5,under_review,2023-12-28 15:02:00,Assigned to review team
16,6,submitted,2023-03-27 20:22:00,Application received
17,6,under_review,2023-03-28 07:22:00,Assigned to review team
18,6,verified,2023-03-31 03:22:00,Documents verified successfully
19,6,approved,2023-04-01 16:22:00,Loan approved by underwriter
20,6,disbursed,2023-04-02 17:22:00,Funds transferred to account
21,7,submitted,2023-05-21 04:44:00,Application received
22,7,under_review,2023-05-22 19:44:00,Assigned to review team
23,7,verified,2023-05-26 00:44:00,Documents verified successfully
24,8,submitted,2023-10-20 23:20:00,Application received
25,8,under_review,2023-10-21 05:20:00,Assigned to review team
26,8,verified,2023-10-25 03:20:00,Documents verified successfully
27,9,submitted,2023-10-30 10:57:00,Application received
28,9,under_review,2023-10-31 10:57:00,Assigned to review team
29,9,verified,2023-11-02 17:57:00,Documents verified successfully
30,10,submitted,2023-03-26 07:27:00,Application received
31,10,under_review,2023-03-27 08:27:00,Assigned to review team
32,10,verified,2023-03-28 07:27:00,Documents verified successfully
33,10,approved,2023-03-31 03:27:00,Loan approved by underwriter
34,10,disbursed,2023-04-02 05:27:00,Funds transferred to account
35,11,submitted,2023-03-03 00:56:00,Application received
36,11,under_review,2023-03-04 00:56:00,Assigned to review team
37,11,verified,2023-03-06 07:56:00,Documents verified successfully
38,11,approved,2023-03-07 17:56:00,Loan approved by underwriter
39,11,disbursed,2023-03-11 16:56:00,Funds transferred to account
40,12,submitted,2023-04-02 23:58:00,Application received
41,12,under_review,2023-04-04 22:58:00,Assigned to review team
42,13,submitted,2023-09-30 13:38:00,Application received
43,13,under_review,2023-09-30 21:38:00,Assigned to review team
44,14,submitted,2023-02-14 06:31:00,Application received
45,14,under_review,2023-02-14 14:31:00,Assigned to review team
46,15,submitted,2023-11-09 23:13:00,Application received
47,15,under_review,2023-11-10 01:13:00,Assigned to review team
48,15,verified,2023-11-10 23:13:00,Documents verified successfully
49,16,submitted,2023-08-23 01:15:00,Application received
50,16,under_review,2023-08-24 12:15:00,Assigned to review team
51,17,submitted,2023-02-01 06:04:00,Application received
52,17,under_review,2023-02-02 07:04:00,Assigned to review team
53,18,submitted,2023-10-21 06:30:00,Application received
54,18,under_review,2023-10-22 09:30:00,Assigned to review team
55,18,verified,2023-10-26 09:30:00,Documents verified successfully
56,18,approved,2023-10-29 09:30:00,Loan approved by underwriter
57,18,disbursed,2023-11-03 05:30:00,Funds transferred to account
58,19,submitted,2023-01-29 13:41:00,Application received
59,19,under_review,2023-01-31 06:41:00,Assigned to review team
60,19,verified,2023-02-04 01:41:00,Documents verified successfully
61,19,approved,2023-02-05 08:41:00,Loan approved by underwriter
62,19,disbursed,2023-02-10 04:41:00,Funds transferred to account
63,20,submitted,2023-08-05 16:17:00,Application received
64,20,under_review,2023-08-05 23:17:00,Assigned to review team
65,20,verified,2023-08-07 07:17:00,Documents verified successfully
66,21,submitted,2023-05-03 02:26:00,Application received
67,21,under_review,2023-05-03 23:26:00,Assigned to review team
68,21,verified,2023-05-05 20:26:00,Documents verified successfully
69,21,approved,2023-05-08 11:26:00,Loan approved by underwriter
70,21,disbursed,2023-05-10 17:26:00,Funds transferred to account
71,22,submitted,2023-08-23 04:27:00,Application received
72,22,under_review,2023-08-25 00:27:00,Assigned to review team
73,22,verified,2023-08-26 01:27:00,Documents verified successfully
74,22,approved,2023-08-26 19:27:00,Loan approved by underwriter
75,22,disbursed,2023-08-28 02:27:00,Funds transferred to account
76,23,submitted,2023-10-05 20:47:00,Application received
77,23,under_review,2023-10-06 21:47:00,Assigned to review team
78,23,verified,2023-10-08 18:47:00,Documents verified successfully
79,23,approved,2023-10-11 05:47:00,Loan approved by underwriter
80,23,disbursed,2023-10-12 21:47:00,Funds transferred to account
81,24,submitted,2023-04-07 18:38:00,Application received
82,24,under_review,2023-04-09 02:38:00,Assigned to review team
83,24,verified,2023-04-12 19:38:00,Documents verified successfully
84,24,approved,2023-04-13 06:38:00,Loan approved by underwriter
85,24,disbursed,2023-04-15 20:38:00,Funds transferred to account
86,25,submitted,2023-12-04 10:36:00,Application received
87,25,under_review,2023-12-06 01:36:00,Assigned to review team
88,26,submitted,2023-06-12 11:00:00,Application received
89,26,under_review,2023-06-13 11:00:00,Assigned to review team
90,26,verified,2023-06-16 23:00:00,Documents verified successfully
91,27,submitted,2023-05-06 12:18:00,Application received
92,27,under_review,2023-05-07 19:18:00,Assigned to review team
93,28,submitted,2023-12-08 16:56:00,Application received
94,28,under_review,2023-12-09 19:56:00,Assigned to review team
95,29,submitted,2023-04-15 22:40:00,Application received
96,29,under_review,2023-04-17 12:40:00,Assigned to review team
97,29,verified,2023-04-20 23:40:00,Documents verified successfully
98,30,submitted,2023-06-23 04:40:00,Application received
99,30,under_review,2023-06-24 12:40:00,Assigned to review team
100,30,verified,2023-06-25 23:40:00,Documents verified successfully
101,31,submitted,2023-07-10 02:35:00,Application received
102,31,under_review,2023-07-11 18:35:00,Assigned to review team
103,31,verified,2023-07-14 01:35:00,Documents verified successfully
104,31,approved,2023-07-16 07:35:00,Loan approved by underwriter
105,31,disbursed,2023-07-18 19:35:00,Funds transferred to account
106,32,submitted,2023-07-03 08:56:00,Application received
107,32,under_review,2023-07-04 12:56:00,Assigned to review team
108,33,submitted,2023-04-25 03:52:00,Application received
109,33,under_review,2023-04-26 01:52:00,Assigned to review team
110,33,verified,2023-04-26 19:52:00,Documents verified successfully
111,34,submitted,2023-02-08 08:22:00,Application received
112,34,under_review,2023-02-09 10:22:00,Assigned to review team
113,34,verified,2023-02-12 02:22:00,Documents verified successfully
114,34,approved,2023-02-12 10:22:00,Loan approved by underwriter
115,34,disbursed,2023-02-16 09:22:00,Funds transferred to account
116,35,submitted,2023-05-16 06:06:00,Application received
117,35,under_review,2023-05-16 13:06:00,Assigned to review team
118,36,submitted,2023-01-25 23:27:00,Application received
119,36,under_review,2023-01-27 04:27:00,Assigned to review team
120,36,verified,2023-01-30 23:27:00,Documents verified successfully
121,37,submitted,2023-08-05 13:24:00,Application received
122,37,under_review,2023-08-07 10:24:00,Assigned to review team
123,37,verified,2023-08-09 10:24:00,Documents verified successfully
124,38,submitted,2023-08-12 14:38:00,Application received
125,38,under_review,2023-08-12 23:38:00,Assigned to review team
126,38,verified,2023-08-15 03:38:00,Documents verified successfully
127,38,approved,2023-08-16 19:38:00,Loan approved by underwriter
128,38,disbursed,2023-08-20 05:38:00,Funds transferred to account
129,39,submitted,2023-05-09 11:39:00,Application received
130,39,under_review,2023-05-09 13:39:00,Assigned to review team
131,40,submitted,2023-05-06 17:41:00,Application received
132,40,under_review,2023-05-08 16:41:00,Assigned to review team
133,40,verified,2023-05-12 15:41:00,Documents verified successfully
134,40,approved,2023-05-13 12:41:00,Loan approved by underwriter
135,41,submitted,2023-10-15 05:58:00,Application received
136,41,under_review,2023-10-17 03:58:00,Assigned to review team
137,41,verified,2023-10-19 23:58:00,Documents verified successfully
138,42,submitted,2023-09-19 05:53:00,Application received
139,42,under_review,2023-09-20 23:53:00,Assigned to review team
140,43,submitted,2023-09-26 05:40:00,Application received
141,43,under_review,2023-09-28 04:40:00,Assigned to review team
142,43,verified,2023-09-30 18:40:00,Documents verified successfully
143,43,approved,2023-10-02 00:40:00,Loan approved by underwriter
144,43,disbursed,2023-10-03 08:40:00,Funds transferred to account
145,44,submitted,2023-08-05 04:57:00,Application received
146,44,under_review,2023-08-06 18:57:00,Assigned to review team
147,45,submitted,2023-08-05 22:47:00,Application received
148,45,under_review,2023-08-07 05:47:00,Assigned to review team
149,45,verified,2023-08-07 23:47:00,Documents verified successfully
150,46,submitted,2023-12-11 01:51:00,Application received
151,46,under_review,2023-12-12 10:51:00,Assigned to review team
152,47,submitted,2023-01-14 11:41:00,Application received
153,47,under_review,2023-01-15 09:41:00,Assigned to review team
154,47,verified,2023-01-16 00:41:00,Documents verified successfully
155,47,approved,2023-01-17 07:41:00,Loan approved by underwriter
156,47,disbursed,2023-01-18 10:41:00,Funds transferred to account
157,48,submitted,2023-07-14 09:48:00,Application received
158,48,under_review,2023-07-15 08:48:00,Assigned to review team
159,48,verified,2023-07-16 02:48:00,Documents verified successfully
160,49,submitted,2023-02-06 00:02:00,Application received
161,49,under_review,2023-02-07 15:02:00,Assigned to review team
162,50,submitted,2023-04-25 04:44:00,Application received
163,50,under_review,2023-04-26 10:44:00,Assigned to review team
164,50,verified,2023-04-27 11:44:00,Documents verified successfully
165,50,approved,2023-04-28 05:44:00,Loan approved by underwriter
166,50,disbursed,2023-05-01 15:44:00,Funds transferred to account
167,51,submitted,2023-01-16 20:36:00,Application received
168,51,under_review,2023-01-17 19:36:00,Assigned to review team
169,51,verified,2023-01-19 07:36:00,Documents verified successfully
170,51,approved,2023-01-20 13:36:00,Loan approved by underwriter
171,51,disbursed,2023-01-23 18:36:00,Funds transferred to account
172,52,submitted,2023-12-25 14:54:00,Application received
173,52,under_review,2023-12-25 18:54:00,Assigned to review team
174,52,verified,2023-12-29 17:54:00,Documents verified successfully
175,52,approved,2023-12-30 17:54:00,Loan approved by underwriter
176,52,disbursed,2023-12-31 18:54:00,Funds transferred to account
177,53,submitted,2023-06-25 17:54:00,Application received
178,53,under_review,2023-06-27 06:54:00,Assigned to review team
179,53,verified,2023-07-01 03:54:00,Documents verified successfully
180,53,approved,2023-07-03 20:54:00,Loan approved by underwriter
181,53,disbursed,2023-07-08 02:54:00,Funds transferred to account
182,54,submitted,2023-09-27 15:17:00,Application received
183,54,under_review,2023-09-27 19:17:00,Assigned to review team
184,54,verified,2023-09-29 12:17:00,Documents verified successfully
185,54,approved,2023-10-01 18:17:00,Loan approved by underwriter
186,54,disbursed,2023-10-03 03:17:00,Funds transferred to account
187,55,submitted,2023-02-15 20:56:00,Application received
188,55,under_review,2023-02-16 10:56:00,Assigned to review team
189,56,submitted,2023-04-05 13:13:00,Application received
190,56,under_review,2023-04-06 07:13:00,Assigned to review team
191,56,verified,2023-04-06 21:13:00,Documents verified successfully
192,57,submitted,2023-04-09 18:15:00,Application received
193,57,under_review,2023-04-10 03:15:00,Assigned to review team
194,57,verified,2023-04-12 14:15:00,Documents verified successfully
195,58,submitted,2023-02-17 21:14:00,Application received
196,58,under_review,2023-02-18 07:14:00,Assigned to review team
197,58,verified,2023-02-20 11:14:00,Documents verified successfully
198,58,approved,2023-02-21 17:14:00,Loan approved by underwriter
199,58,disbursed,2023-02-22 23:14:00,Funds transferred to account
200,59,submitted,2023-10-11 01:22:00,Application received
201,60,submitted,2023-06-02 09:23:00,Application received
202,60,under_review,2023-06-04 02:23:00,Assigned to review team
203,60,verified,2023-06-07 07:23:00,Documents verified successfully
204,60,approved,2023-06-09 12:23:00,Loan approved by underwriter
205,60,disbursed,2023-06-11 22:23:00,Funds transferred to account
206,61,submitted,2023-05-13 08:07:00,Application received
207,61,under_review,2023-05-13 22:07:00,Assigned to review team
208,61,verified,2023-05-16 10:07:00,Documents verified successfully
209,61,approved,2023-05-17 02:07:00,Loan approved by underwriter
210,61,disbursed,2023-05-20 13:07:00,Funds transferred to account
211,62,submitted,2023-06-07 22:15:00,Application received
212,62,under_review,2023-06-09 03:15:00,Assigned to review team
213,62,verified,2023-06-09 18:15:00,Documents verified successfully
214,62,approved,2023-06-11 21:15:00,Loan approved by underwriter
215,62,disbursed,2023-06-14 08:15:00,Funds transferred to account
216,63,submitted,2023-08-15 22:55:00,Application received
217,63,under_review,2023-08-17 10:55:00,Assigned to review team
218,63,verified,2023-08-19 12:55:00,Documents verified successfully
219,64,submitted,2023-04-18 01:13:00,Application received
220,64,under_review,2023-04-18 21:13:00,Assigned to review team
221,65,submitted,2023-11-18 00:42:00,Application received
222,65,under_review,2023-11-18 11:42:00,Assigned to review team
223,65,verified,2023-11-21 11:42:00,Documents verified successfully
224,65,approved,2023-11-24 04:42:00,Loan approved by underwriter
225,65,disbursed,2023-11-28 21:42:00,Funds transferred to account
226,66,submitted,2023-02-06 07:10:00,Application received
227,66,under_review,2023-02-06 10:10:00,Assigned to review team
228,67,submitted,2023-10-23 21:01:00,Application received
229,67,under_review,2023-10-24 20:01:00,Assigned to review team
230,67,verified,2023-10-28 04:01:00,Documents verified successfully
231,67,approved,2023-10-29 03:01:00,Loan approved by underwriter
232,68,submitted,2023-04-05 11:27:00,Application received
233,68,under_review,2023-04-06 14:27:00,Assigned to review team
234,68,verified,2023-04-10 02:27:00,Documents verified successfully
235,69,submitted,2023-06-19 10:44:00,Application received
236,69,under_review,2023-06-19 14:44:00,Assigned to review team
237,69,verified,2023-06-22 03:44:00,Documents verified successfully
238,69,approved,2023-06-22 17:44:00,Loan approved by underwriter
239,69,disbursed,2023-06-25 10:44:00,Funds transferred to account
240,70,submitted,2023-07-27 06:52:00,Application received
241,70,under_review,2023-07-28 10:52:00,Assigned to review team
242,71,submitted,2023-11-18 09:48:00,Application received
243,71,under_review,2023-11-20 08:48:00,Assigned to review team
244,71,verified,2023-11-23 23:48:00,Documents verified successfully
245,72,submitted,2023-11-20 05:51:00,Application received
246,73,submitted,2023-03-03 13:53:00,Application received
247,73,under_review,2023-03-05 00:53:00,Assigned to review team
248,73,verified,2023-03-05 23:53:00,Documents verified successfully
249,74,submitted,2023-06-27 09:35:00,Application received
250,74,under_review,2023-06-27 22:35:00,Assigned to review team
251,75,submitted,2023-07-31 17:20:00,Application received
252,75,under_review,2023-08-01 06:20:00,Assigned to review team
253,75,verified,2023-08-03 00:20:00,Documents verified successfully
254,76,submitted,2023-02-11 03:50:00,Application received
255,76,under_review,2023-02-11 18:50:00,Assigned to review team
256,76,verified,2023-02-12 15:50:00,Documents verified successfully
257,77,submitted,2023-02-19 01:06:00,Application received
258,77,under_review,2023-02-20 11:06:00,Assigned to review team
259,77,verified,2023-02-23 10:06:00,Documents verified successfully
260,78,submitted,2023-01-30 19:22:00,Application received
261,78,under_review,2023-02-01 18:22:00,Assigned to review team
262,78,verified,2023-02-04 17:22:00,Documents verified successfully
263,78,approved,2023-02-05 16:22:00,Loan approved by underwriter
264,78,disbursed,2023-02-09 21:22:00,Funds transferred to account
265,79,submitted,2023-11-11 07:39:00,Application received
266,79,under_review,2023-11-12 10:39:00,Assigned to review team
267,80,submitted,2023-08-27 18:43:00,Application received
268,80,under_review,2023-08-28 09:43:00,Assigned to review team
269,80,verified,2023-08-31 15:43:00,Documents verified successfully
270,81,submitted,2023-06-05 04:24:00,Application received
271,81,under_review,2023-06-05 18:24:00,Assigned to review team
272,81,verified,2023-06-08 11:24:00,Documents verified successfully
273,81,approved,2023-06-09 21:24:00,Loan approved by underwriter
274,81,disbursed,2023-06-11 02:24:00,Funds transferred to account
275,82,submitted,2023-12-07 06:17:00,Application received
276,82,under_review,2023-12-09 00:17:00,Assigned to review team
277,82,verified,2023-12-10 03:17:00,Documents verified successfully
278,82,approved,2023-12-10 10:17:00,Loan approved by underwriter
279,82,disbursed,2023-12-13 20:17:00,Funds transferred to account
280,83,submitted,2023-04-24 06:12:00,Application received
281,83,under_review,2023-04-24 10:12:00,Assigned to review team
282,83,verified,2023-04-27 13:12:00,Documents verified successfully
283,83,approved,2023-04-29 03:12:00,Loan approved by underwriter
284,83,disbursed,2023-05-01 21:12:00,Funds transferred to account
285,84,submitted,2023-07-09 04:08:00,Application received
286,84,under_review,2023-07-10 03:08:00,Assigned to review team
287,84,verified,2023-07-13 07:08:00,Documents verified successfully
288,84,approved,2023-07-14 19:08:00,Loan approved by underwriter
289,84,disbursed,2023-07-16 02:08:00,Funds transferred to account
290,85,submitted,2023-07-10 06:32:00,Application received
291,85,under_review,2023-07-11 08:32:00,Assigned to review team
292,86,submitted,2023-02-10 12:48:00,Application received
293,86,under_review,2023-02-12 07:48:00,Assigned to review team
294,86,verified,2023-02-12 22:48:00,Documents verified successfully
295,86,approved,2023-02-13 10:48:00,Loan approved by underwriter
296,87,submitted,2023-08-24 09:43:00,Application received
297,87,under_review,2023-08-25 15:43:00,Assigned to review team
298,88,submitted,2023-10-18 01:58:00,Application received
299,89,submitted,2023-01-20 22:31:00,Application received
300,89,under_review,2023-01-21 13:31:00,Assigned to review team
301,89,verified,2023-01-23 16:31:00,Documents verified successfully
302,89,approved,2023-01-25 05:31:00,Loan approved by underwriter
303,89,disbursed,2023-01-27 15:31:00,Funds transferred to account
304,90,submitted,2023-03-21 22:41:00,Application received
305,90,under_review,2023-03-23 06:41:00,Assigned to review team
306,90,verified,2023-03-24 13:41:00,Documents verified successfully
307,91,submitted,2023-05-03 12:06:00,Application received
308,91,under_review,2023-05-05 01:06:00,Assigned to review team
309,91,verified,2023-05-07 01:06:00,Documents verified successfully
310,91,approved,2023-05-08 00:06:00,Loan approved by underwriter
311,91,disbursed,2023-05-09 01:06:00,Funds transferred to account
312,92,submitted,2023-10-11 07:37:00,Application received
313,93,submitted,2023-10-05 22:51:00,Application received
314,93,under_review,2023-10-07 13:51:00,Assigned to review team
315,94,submitted,2023-04-02 01:03:00,Application received
316,94,under_review,2023-04-02 19:03:00,Assigned to review team
317,94,verified,2023-04-05 06:03:00,Documents verified successfully
318,94,approved,2023-04-06 19:03:00,Loan approved by underwriter
319,94,disbursed,2023-04-11 12:03:00,Funds transferred to account
320,95,submitted,2023-08-23 00:14:00,Application received
321,95,under_review,2023-08-24 21:14:00,Assigned to review team
322,95,verified,2023-08-26 05:14:00,Documents verified successfully
323,96,submitted,2023-08-10 15:06:00,Application received
324,96,under_review,2023-08-10 22:06:00,Assigned to review team
325,96,verified,2023-08-12 18:06:00,Documents verified successfully
326,97,submitted,2023-12-01 00:46:00,Application received
327,97,under_review,2023-12-03 00:46:00,Assigned to review team
328,97,verified,2023-12-04 06:46:00,Documents verified successfully
329,97,approved,2023-12-04 12:46:00,Loan approved by underwriter
330,97,disbursed,2023-12-09 05:46:00,Funds transferred to account
331,98,submitted,2023-07-10 08:35:00,Application received
332,98,under_review,2023-07-11 13:35:00,Assigned to review team
333,98,verified,2023-07-13 02:35:00,Documents verified successfully
334,98,approved,2023-07-14 11:35:00,Loan approved by underwriter
335,98,disbursed,2023-07-17 15:35:00,Funds transferred to account
336,99,submitted,2023-08-07 16:03:00,Application received
337,99,under_review,2023-08-08 12:03:00,Assigned to review team
338,99,verified,2023-08-09 03:03:00,Documents verified successfully
339,99,approved,2023-08-09 16:03:00,Loan approved by underwriter
340,99,disbursed,2023-08-11 04:03:00,Funds transferred to account
341,100,submitted,2023-02-26 15:54:00,Application received
342,100,under_review,2023-02-27 10:54:00,Assigned to review team
343,100,verified,2023-03-01 17:54:00,Documents verified successfully
344,101,submitted,2023-11-28 19:01:00,Application received
345,101,under_review,2023-11-30 12:01:00,Assigned to review team
346,102,submitted,2023-04-03 21:36:00,Application received
347,102,under_review,2023-04-04 07:36:00,Assigned to review team
348,102,verified,2023-04-06 02:36:00,Documents verified successfully
349,102,approved,2023-04-09 01:36:00,Loan approved by underwriter
350,102,disbursed,2023-04-10 03:36:00,Funds transferred to account
351,103,submitted,2023-01-29 05:05:00,Application received
352,103,under_review,2023-01-30 11:05:00,Assigned to review team
353,103,verified,2023-02-01 19:05:00,Documents verified successfully
354,104,submitted,2023-04-17 20:13:00,Application received
355,104,under_review,2023-04-19 19:13:00,Assigned to review team
356,105,submitted,2023-07-15 17:45:00,Application received
357,105,under_review,2023-07-16 00:45:00,Assigned to review team
358,106,submitted,2023-10-24 15:36:00,Application received
359,106,under_review,2023-10-26 11:36:00,Assigned to review team
360,107,submitted,2023-11-16 06:53:00,Application received
361,107,under_review,2023-11-16 22:53:00,Assigned to review team
362,107,verified,2023-11-20 06:53:00,Documents verified successfully
363,108,submitted,2023-06-11 21:21:00,Application received
364,108,under_review,2023-06-13 20:21:00,Assigned to review team
365,108,verified,2023-06-15 21:21:00,Documents verified successfully
366,108,approved,2023-06-16 17:21:00,Loan approved by underwriter
367,108,disbursed,2023-06-19 08:21:00,Funds transferred to account
368,109,submitted,2023-06-30 11:46:00,Application received
369,110,submitted,2023-11-17 22:55:00,Application received
370,110,under_review,2023-11-19 13:55:00,Assigned to review team
371,110,verified,2023-11-21 17:55:00,Documents verified successfully
372,111,submitted,2023-07-01 04:04:00,Application received
373,111,under_review,2023-07-03 00:04:00,Assigned to review team
374,111,verified,2023-07-04 03:04:00,Documents verified successfully
375,111,approved,2023-07-07 00:04:00,Loan approved by underwriter
376,111,disbursed,2023-07-08 19:04:00,Funds transferred to account
377,112,submitted,2023-09-20 10:29:00,Application received
378,112,under_review,2023-09-20 23:29:00,Assigned to review team
379,113,submitted,2023-08-13 18:33:00,Application received
380,113,under_review,2023-08-14 23:33:00,Assigned to review team
381,113,verified,2023-08-18 06:33:00,Documents verified successfully
382,114,submitted,2023-11-22 15:21:00,Application received
383,114,under_review,2023-11-24 06:21:00,Assigned to review team
384,114,verified,2023-11-25 11:21:00,Documents verified successfully
385,114,approved,2023-11-26 20:21:00,Loan approved by underwriter
386,114,disbursed,2023-12-01 16:21:00,Funds transferred to account
387,115,submitted,2023-11-05 09:21:00,Application received
388,116,submitted,2023-02-14 19:35:00,Application received
389,116,under_review,2023-02-16 03:35:00,Assigned to review team
390,117,submitted,2023-12-10 20:32:00,Application received
391,117,under_review,2023-12-11 23:32:00,Assigned to review team
392,117,verified,2023-12-14 01:32:00,Documents verified successfully
393,118,submitted,2023-07-12 21:10:00,Application received
394,118,under_review,2023-07-14 16:10:00,Assigned to review team
395,118,verified,2023-07-15 05:10:00,Documents verified successfully
396,118,approved,2023-07-18 04:10:00,Loan approved by underwriter
397,118,disbursed,2023-07-20 15:10:00,Funds transferred to account
398,119,submitted,2023-11-10 21:48:00,Application received
399,119,under_review,2023-11-12 16:48:00,Assigned to review team
400,119,verified,2023-11-13 12:48:00,Documents verified successfully
401,120,submitted,2023-04-11 10:43:00,Application received
402,120,under_review,2023-04-13 01:43:00,Assigned to review team
403,121,submitted,2023-11-07 03:55:00,Application received
404,121,under_review,2023-11-07 05:55:00,Assigned to review team
405,121,verified,2023-11-10 18:55:00,Documents verified successfully
406,121,approved,2023-11-11 04:55:00,Loan approved by underwriter
407,122,submitted,2023-03-27 04:28:00,Application received
408,122,under_review,2023-03-29 00:28:00,Assigned to review team
409,122,verified,2023-03-31 01:28:00,Documents verified successfully
410,122,approved,2023-04-03 01:28:00,Loan approved by underwriter
411,122,disbursed,2023-04-07 13:28:00,Funds transferred to account
412,123,submitted,2023-07-23 12:23:00,Application received
413,123,under_review,2023-07-24 03:23:00,Assigned to review team
414,123,verified,2023-07-27 22:23:00,Documents verified successfully
415,123,approved,2023-07-29 00:23:00,Loan approved by underwriter
416,123,disbursed,2023-08-01 20:23:00,Funds transferred to account
417,124,submitted,2023-03-18 13:02:00,Application received
418,124,under_review,2023-03-19 03:02:00,Assigned to review team
419,124,verified,2023-03-21 07:02:00,Documents verified successfully
420,124,approved,2023-03-21 22:02:00,Loan approved by underwriter
421,124,disbursed,2023-03-23 06:02:00,Funds transferred to account
422,125,submitted,2023-04-23 01:35:00,Application received
423,125,under_review,2023-04-23 20:35:00,Assigned to review team
424,125,verified,2023-04-25 12:35:00,Documents verified successfully
425,126,submitted,2023-01-04 08:22:00,Application received
426,126,under_review,2023-01-05 17:22:00,Assigned to review team
427,126,verified,2023-01-09 03:22:00,Documents verified successfully
428,126,approved,2023-01-11 01:22:00,Loan approved by underwriter
429,126,disbursed,2023-01-14 14:22:00,Funds transferred to account
430,127,submitted,2023-10-08 18:50:00,Application received
431,127,under_review,2023-10-10 17:50:00,Assigned to review team
432,127,verified,2023-10-11 11:50:00,Documents verified successfully
433,128,submitted,2023-01-09 13:50:00,Application received
434,128,under_review,2023-01-10 19:50:00,Assigned to review team
435,128,verified,2023-01-14 01:50:00,Documents verified successfully
436,128,approved,2023-01-16 11:50:00,Loan approved by underwriter
437,128,disbursed,2023-01-21 08:50:00,Funds transferred to account
438,129,submitted,2023-04-03 17:29:00,Application received
439,129,under_review,2023-04-04 13:29:00,Assigned to review team
440,130,submitted,2023-01-24 08:59:00,Application received
441,130,under_review,2023-01-26 05:59:00,Assigned to review team
442,130,verified,2023-01-26 17:59:00,Documents verified successfully
443,130,approved,2023-01-27 04:59:00,Loan approved by underwriter
444,130,disbursed,2023-01-29 02:59:00,Funds transferred to account
445,131,submitted,2023-01-27 07:21:00,Application received
446,131,under_review,2023-01-27 12:21:00,Assigned to review team
447,131,verified,2023-01-29 19:21:00,Documents verified successfully
448,132,submitted,2023-09-15 01:31:00,Application received
449,132,under_review,2023-09-15 16:31:00,Assigned to review team
450,133,submitted,2023-06-15 04:05:00,Application received
451,133,under_review,2023-06-16 13:05:00,Assigned to review team
452,133,verified,2023-06-18 15:05:00,Documents verified successfully
453,133,approved,2023-06-21 00:05:00,Loan approved by underwriter
454,133,disbursed,2023-06-22 10:05:00,Funds transferred to account
455,134,submitted,2023-06-30 21:27:00,Application received
456,134,under_review,2023-07-02 06:27:00,Assigned to review team
457,134,verified,2023-07-04 20:27:00,Documents verified successfully
458,134,approved,2023-07-06 12:27:00,Loan approved by underwriter
459,135,submitted,2023-11-11 14:44:00,Application received
460,135,under_review,2023-11-12 19:44:00,Assigned to review team
461,135,verified,2023-11-14 19:44:00,Documents verified successfully
462,135,approved,2023-11-15 21:44:00,Loan approved by underwriter
463,135,disbursed,2023-11-19 02:44:00,Funds transferred to account
464,136,submitted,2023-07-06 00:14:00,Application received
465,136,under_review,2023-07-06 22:14:00,Assigned to review team
466,137,submitted,2023-10-10 20:39:00,Application received
467,137,under_review,2023-10-11 06:39:00,Assigned to review team
468,137,verified,2023-10-13 00:39:00,Documents verified successfully
469,138,submitted,2023-06-13 20:04:00,Application received
470,138,under_review,2023-06-14 16:04:00,Assigned to review team
471,138,verified,2023-06-17 21:04:00,Documents verified successfully
472,138,approved,2023-06-19 10:04:00,Loan approved by underwriter
473,138,disbursed,2023-06-24 03:04:00,Funds transferred to account
474,139,submitted,2023-01-31 15:33:00,Application received
475,140,submitted,2023-05-10 18:40:00,Application received
476,140,under_review,2023-05-11 21:40:00,Assigned to review team
477,141,submitted,2023-10-25 14:10:00,Application received
478,141,under_review,2023-10-26 16:10:00,Assigned to review team
479,141,verified,2023-10-28 08:10:00,Documents verified successfully
480,141,approved,2023-10-28 20:10:00,Loan approved by underwriter
481,141,disbursed,2023-11-02 15:10:00,Funds transferred to account
482,142,submitted,2023-11-26 02:16:00,Application received
483,142,under_review,2023-11-26 04:16:00,Assigned to review team
484,142,verified,2023-11-29 21:16:00,Documents verified successfully
485,142,approved,2023-12-01 21:16:00,Loan approved by underwriter
486,142,disbursed,2023-12-04 15:16:00,Funds transferred to account
487,143,submitted,2023-11-28 00:30:00,Application received
488,143,under_review,2023-11-28 15:30:00,Assigned to review team
489,144,submitted,2023-08-28 21:21:00,Application received
490,144,under_review,2023-08-30 16:21:00,Assigned to review team
491,144,verified,2023-08-31 13:21:00,Documents verified successfully
492,145,submitted,2023-06-13 21:29:00,Application received
493,145,under_review,2023-06-15 01:29:00,Assigned to review team
494,146,submitted,2023-12-04 07:30:00,Application received
495,146,under_review,2023-12-05 11:30:00,Assigned to review team
496,146,verified,2023-12-06 15:30:00,Documents verified successfully
497,147,submitted,2023-07-25 02:36:00,Application received
498,147,under_review,2023-07-26 12:36:00,Assigned to review team
499,148,submitted,2023-11-18 16:39:00,Application received
500,148,under_review,2023-11-19 07:39:00,Assigned to review team
501,148,verified,2023-11-19 20:39:00,Documents verified successfully
502,148,approved,2023-11-21 11:39:00,Loan approved by underwriter
503,148,disbursed,2023-11-23 08:39:00,Funds transferred to account
504,149,submitted,2023-09-21 03:32:00,Application received
505,149,under_review,2023-09-21 14:32:00,Assigned to review team
506,150,submitted,2023-03-13 11:59:00,Application received
507,150,under_review,2023-03-13 13:59:00,Assigned to review team
508,150,verified,2023-03-15 18:59:00,Documents verified successfully
509,151,submitted,2023-09-02 06:41:00,Application received
510,151,under_review,2023-09-02 11:41:00,Assigned to review team
511,151,verified,2023-09-03 21:41:00,Documents verified successfully
512,151,approved,2023-09-06 03:41:00,Loan approved by underwriter
513,151,disbursed,2023-09-09 11:41:00,Funds transferred to account
514,152,submitted,2023-12-20 18:26:00,Application received
515,152,under_review,2023-12-21 21:26:00,Assigned to review team
516,152,verified,2023-12-24 08:26:00,Documents verified successfully
517,152,approved,2023-12-25 13:26:00,Loan approved by underwriter
518,152,disbursed,2023-12-26 15:26:00,Funds transferred to account
519,153,submitted,2023-05-18 09:30:00,Application received
520,153,under_review,2023-05-18 23:30:00,Assigned to review team
521,153,verified,2023-05-22 21:30:00,Documents verified successfully
522,154,submitted,2023-07-23 12:49:00,Application received
523,154,under_review,2023-07-23 21:49:00,Assigned to review team
524,154,verified,2023-07-25 19:49:00,Documents verified successfully
525,154,approved,2023-07-27 20:49:00,Loan approved by underwriter
526,154,disbursed,2023-07-29 16:49:00,Funds transferred to account
527,155,submitted,2023-04-22 04:52:00,Application received
528,155,under_review,2023-04-23 16:52:00,Assigned to review team
529,156,submitted,2023-09-30 01:40:00,Application received
530,156,under_review,2023-10-01 05:40:00,Assigned to review team
531,156,verified,2023-10-03 18:40:00,Documents verified successfully
532,156,approved,2023-10-04 14:40:00,Loan approved by underwriter
533,156,disbursed,2023-10-07 02:40:00,Funds transferred to account
534,157,submitted,2023-03-24 15:41:00,Application received
535,157,under_review,2023-03-24 22:41:00,Assigned to review team
536,157,verified,2023-03-28 14:41:00,Documents verified successfully
537,157,approved,2023-03-30 08:41:00,Loan approved by underwriter
538,157,disbursed,2023-04-01 17:41:00,Funds transferred to account
539,158,submitted,2023-02-18 06:36:00,Application received
540,158,under_review,2023-02-18 17:36:00,Assigned to review team
541,158,verified,2023-02-19 13:36:00,Documents verified successfully
542,158,approved,2023-02-20 13:36:00,Loan approved by underwriter
543,158,disbursed,2023-02-23 10:36:00,Funds transferred to account
544,159,submitted,2023-04-08 19:55:00,Application received
545,159,under_review,2023-04-09 23:55:00,Assigned to review team
546,160,submitted,2023-12-01 03:45:00,Application received
547,160,under_review,2023-12-02 15:45:00,Assigned to review team
548,160,verified,2023-12-05 04:45:00,Documents verified successfully
549,161,submitted,2023-05-02 00:48:00,Application received
550,161,under_review,2023-05-03 01:48:00,Assigned to review team
551,161,verified,2023-05-04 06:48:00,Documents verified successfully
552,162,submitted,2023-03-05 03:19:00,Application received
553,162,under_review,2023-03-06 16:19:00,Assigned to review team
554,163,submitted,2023-04-25 00:08:00,Application received
555,163,under_review,2023-04-26 02:08:00,Assigned to review team
556,163,verified,2023-04-30 02:08:00,Documents verified successfully
557,164,submitted,2023-04-22 20:43:00,Application received
558,164,under_review,2023-04-23 13:43:00,Assigned to review team
559,165,submitted,2023-09-20 05:51:00,Application received
560,165,under_review,2023-09-21 16:51:00,Assigned to review team
561,165,verified,2023-09-25 14:51:00,Documents verified successfully
562,165,approved,2023-09-26 00:51:00,Loan approved by underwriter
563,165,disbursed,2023-09-29 02:51:00,Funds transferred to account
564,166,submitted,2023-07-23 10:52:00,Application received
565,166,under_review,2023-07-25 09:52:00,Assigned to review team
566,166,verified,2023-07-28 15:52:00,Documents verified successfully
567,167,submitted,2023-02-08 13:02:00,Application received
568,167,under_review,2023-02-10 02:02:00,Assigned to review team
569,167,verified,2023-02-14 01:02:00,Documents verified successfully
570,167,approved,2023-02-16 13:02:00,Loan approved by underwriter
571,167,disbursed,2023-02-20 18:02:00,Funds transferred to account
572,168,submitted,2023-07-15 07:05:00,Application received
573,168,under_review,2023-07-15 15:05:00,Assigned to review team
574,168,verified,2023-07-17 03:05:00,Documents verified successfully
575,169,submitted,2023-03-08 21:14:00,Application received
576,169,under_review,2023-03-10 11:14:00,Assigned to review team
577,169,verified,2023-03-11 00:14:00,Documents verified successfully
578,169,approved,2023-03-12 06:14:00,Loan approved by underwriter
579,169,disbursed,2023-03-16 23:14:00,Funds transferred to account
580,170,submitted,2023-04-28 13:29:00,Application received
581,170,under_review,2023-04-29 23:29:00,Assigned to review team
582,170,verified,2023-05-03 00:29:00,Documents verified successfully
583,170,approved,2023-05-03 16:29:00,Loan approved by underwriter
584,170,disbursed,2023-05-08 07:29:00,Funds transferred to account
585,171,submitted,2023-01-10 04:13:00,Application received
586,171,under_review,2023-01-12 04:13:00,Assigned to review team
587,171,verified,2023-01-14 11:13:00,Documents verified successfully
588,171,approved,2023-01-16 18:13:00,Loan approved by underwriter
589,171,disbursed,2023-01-18 13:13:00,Funds transferred to account
590,172,submitted,2023-11-04 09:52:00,Application received
591,172,under_review,2023-11-04 20:52:00,Assigned to review team
592,172,verified,2023-11-06 05:52:00,Documents verified successfully
593,172,approved,2023-11-08 08:52:00,Loan approved by underwriter
594,172,disbursed,2023-11-11 20:52:00,Funds transferred to account
595,173,submitted,2023-11-02 12:58:00,Application received
596,174,submitted,2023-09-29 05:44:00,Application received
597,174,under_review,2023-09-30 22:44:00,Assigned to review team
598,174,verified,2023-10-03 02:44:00,Documents verified successfully
599,175,submitted,2023-12-29 09:51:00,Application received
600,175,under_review,2023-12-31 04:51:00,Assigned to review team
601,176,submitted,2023-06-20 08:05:00,Application received
602,176,under_review,2023-06-21 22:05:00,Assigned to review team
603,176,verified,2023-06-22 21:05:00,Documents verified successfully
604,176,approved,2023-06-23 16:05:00,Loan approved by underwriter
605,176,disbursed,2023-06-25 17:05:00,Funds transferred to account
606,177,submitted,2023-02-07 07:51:00,Application received
607,177,under_review,2023-02-08 23:51:00,Assigned to review team
608,177,verified,2023-02-10 22:51:00,Documents verified successfully
609,177,approved,2023-02-12 07:51:00,Loan approved by underwriter
610,177,disbursed,2023-02-15 05:51:00,Funds transferred to account
611,178,submitted,2023-01-08 19:59:00,Application received
612,178,under_review,2023-01-08 22:59:00,Assigned to review team
613,178,verified,2023-01-10 04:59:00,Documents verified successfully
614,178,approved,2023-01-12 15:59:00,Loan approved by underwriter
615,178,disbursed,2023-01-14 02:59:00,Funds transferred to account
616,179,submitted,2023-05-06 05:20:00,Application received
617,179,under_review,2023-05-07 09:20:00,Assigned to review team
618,179,verified,2023-05-10 04:20:00,Documents verified successfully
619,179,approved,2023-05-11 11:20:00,Loan approved by underwriter
620,179,disbursed,2023-05-14 04:20:00,Funds transferred to account
621,180,submitted,2023-08-28 04:51:00,Application received
622,180,under_review,2023-08-28 15:51:00,Assigned to review team
623,181,submitted,2023-01-10 05:35:00,Application received
624,181,under_review,2023-01-11 11:35:00,Assigned to review team
625,182,submitted,2023-09-15 06:41:00,Application received
626,183,submitted,2023-10-10 02:11:00,Application received
627,183,under_review,2023-10-11 02:11:00,Assigned to review team
628,183,verified,2023-10-13 13:11:00,Documents verified successfully
629,183,approved,2023-10-14 10:11:00,Loan approved by underwriter
630,183,disbursed,2023-10-17 07:11:00,Funds transferred to account
631,184,submitted,2023-08-01 03:53:00,Application received
632,185,submitted,2023-11-13 01:42:00,Application received
633,185,under_review,2023-11-13 14:42:00,Assigned to review team
634,185,verified,2023-11-17 14:42:00,Documents verified successfully
635,185,approved,2023-11-18 07:42:00,Loan approved by underwriter
636,185,disbursed,2023-11-19 20:42:00,Funds transferred to account
637,186,submitted,2023-05-28 18:32:00,Application received
638,186,under_review,2023-05-30 09:32:00,Assigned to review team
639,186,verified,2023-06-02 19:32:00,Documents verified successfully
640,186,approved,2023-06-04 21:32:00,Loan approved by underwriter
641,186,disbursed,2023-06-07 20:32:00,Funds transferred to account
642,187,submitted,2023-05-11 02:17:00,Application received
643,187,under_review,2023-05-11 20:17:00,Assigned to review team
644,187,verified,2023-05-12 12:17:00,Documents verified successfully
645,187,approved,2023-05-14 10:17:00,Loan approved by underwriter
646,187,disbursed,2023-05-18 09:17:00,Funds transferred to account
647,188,submitted,2023-02-12 22:54:00,Application received
648,188,under_review,2023-02-14 12:54:00,Assigned to review team
649,188,verified,2023-02-15 22:54:00,Documents verified successfully
650,188,approved,2023-02-16 16:54:00,Loan approved by underwriter
651,188,disbursed,2023-02-21 00:54:00,Funds transferred to account
652,189,submitted,2023-03-31 17:31:00,Application received
653,189,under_review,2023-04-01 00:31:00,Assigned to review team
654,189,verified,2023-04-02 07:31:00,Documents verified successfully
655,190,submitted,2023-12-24 05:30:00,Application received
656,190,under_review,2023-12-24 15:30:00,Assigned to review team
657,190,verified,2023-12-26 17:30:00,Documents verified successfully
658,191,submitted,2023-04-18 19:09:00,Application received
659,191,under_review,2023-04-19 02:09:00,Assigned to review team
660,192,submitted,2023-10-04 15:24:00,Application received
661,192,under_review,2023-10-05 02:24:00,Assigned to review team
662,192,verified,2023-10-07 12:24:00,Documents verified successfully
663,192,approved,2023-10-08 03:24:00,Loan approved by underwriter
664,193,submitted,2023-08-12 16:43:00,Application received
665,193,under_review,2023-08-14 10:43:00,Assigned to review team
666,193,verified,2023-08-18 10:43:00,Documents verified successfully
667,194,submitted,2024-01-02 10:09:00,Application received
668,194,under_review,2024-01-03 04:09:00,Assigned to review team
669,194,verified,2024-01-06 10:09:00,Documents verified successfully
670,194,approved,2024-01-07 19:09:00,Loan approved by underwriter
671,194,disbursed,2024-01-10 05:09:00,Funds transferred to account
672,195,submitted,2023-02-25 03:05:00,Application received
673,195,under_review,2023-02-26 16:05:00,Assigned to review team
674,195,verified,2023-03-01 11:05:00,Documents verified successfully
675,196,submitted,2023-11-05 10:50:00,Application received
676,196,under_review,2023-11-07 09:50:00,Assigned to review team
677,196,verified,2023-11-09 12:50:00,Documents verified successfully
678,197,submitted,2023-05-08 06:33:00,Application received
679,197,under_review,2023-05-09 01:33:00,Assigned to review team
680,197,verified,2023-05-12 13:33:00,Documents verified successfully
681,198,submitted,2023-05-23 21:19:00,Application received
682,199,submitted,2023-03-12 05:00:00,Application received
683,199,under_review,2023-03-14 00:00:00,Assigned to review team
684,199,verified,2023-03-16 05:00:00,Documents verified successfully
685,199,approved,2023-03-18 10:00:00,Loan approved by underwriter
686,199,disbursed,2023-03-21 02:00:00,Funds transferred to account
687,200,submitted,2023-03-11 15:20:00,Application received
688,200,under_review,2023-03-12 13:20:00,Assigned to review team
689,200,verified,2023-03-15 20:20:00,Documents verified successfully
690,200,approved,2023-03-16 11:20:00,Loan approved by underwriter
691,201,submitted,2023-12-24 23:31:00,Application received
692,201,under_review,2023-12-25 04:31:00,Assigned to review team
693,202,submitted,2023-10-17 13:37:00,Application received
694,202,under_review,2023-10-18 11:37:00,Assigned to review team
695,202,verified,2023-10-19 01:37:00,Documents verified successfully
696,202,approved,2023-10-19 12:37:00,Loan approved by underwriter
697,202,disbursed,2023-10-22 17:37:00,Funds transferred to account
698,203,submitted,2023-07-30 14:31:00,Application received
699,203,under_review,2023-07-31 17:31:00,Assigned to review team
700,203,verified,2023-08-02 19:31:00,Documents verified successfully
701,204,submitted,2023-02-14 00:49:00,Application received
702,204,under_review,2023-02-14 02:49:00,Assigned to review team
703,205,submitted,2023-04-25 08:23:00,Application received
704,205,under_review,2023-04-27 08:23:00,Assigned to review team
705,206,submitted,2023-08-03 02:07:00,Application received
706,207,submitted,2023-09-01 13:28:00,Application received
707,207,under_review,2023-09-02 15:28:00,Assigned to review team
708,207,verified,2023-09-03 19:28:00,Documents verified successfully
709,208,submitted,2023-11-29 17:43:00,Application received
710,208,under_review,2023-12-01 04:43:00,Assigned to review team
711,208,verified,2023-12-03 09:43:00,Documents verified successfully
712,208,approved,2023-12-05 12:43:00,Loan approved by underwriter
713,208,disbursed,2023-12-10 04:43:00,Funds transferred to account
714,209,submitted,2023-04-30 15:40:00,Application received
715,209,under_review,2023-05-02 11:40:00,Assigned to review team
716,209,verified,2023-05-04 18:40:00,Documents verified successfully
717,210,submitted,2023-01-04 06:13:00,Application received
718,210,under_review,2023-01-04 17:13:00,Assigned to review team
719,210,verified,2023-01-07 06:13:00,Documents verified successfully
720,210,approved,2023-01-07 20:13:00,Loan approved by underwriter
721,210,disbursed,2023-01-09 14:13:00,Funds transferred to account
722,211,submitted,2023-05-16 12:55:00,Application received
723,211,under_review,2023-05-17 19:55:00,Assigned to review team
724,211,verified,2023-05-20 16:55:00,Documents verified successfully
725,211,approved,2023-05-22 19:55:00,Loan approved by underwriter
726,211,disbursed,2023-05-26 12:55:00,Funds transferred to account
727,212,submitted,2023-03-04 05:23:00,Application received
728,212,under_review,2023-03-04 10:23:00,Assigned to review team
729,213,submitted,2023-07-05 22:31:00,Application received
730,213,under_review,2023-07-06 17:31:00,Assigned to review team
731,213,verified,2023-07-07 11:31:00,Documents verified successfully
732,213,approved,2023-07-09 03:31:00,Loan approved by underwriter
733,213,disbursed,2023-07-13 10:31:00,Funds transferred to account
734,214,submitted,2023-08-17 18:10:00,Application received
735,214,under_review,2023-08-19 18:10:00,Assigned to review team
736,214,verified,2023-08-22 02:10:00,Documents verified successfully
737,214,approved,2023-08-22 20:10:00,Loan approved by underwriter
738,214,disbursed,2023-08-27 18:10:00,Funds transferred to account
739,215,submitted,2023-10-19 10:49:00,Application received
740,215,under_review,2023-10-19 22:49:00,Assigned to review team
741,215,verified,2023-10-22 22:49:00,Documents verified successfully
742,215,approved,2023-10-24 01:49:00,Loan approved by underwriter
743,215,disbursed,2023-10-27 13:49:00,Funds transferred to account
744,216,submitted,2023-06-30 12:28:00,Application received
745,216,under_review,2023-06-30 16:28:00,Assigned to review team
746,216,verified,2023-07-01 22:28:00,Documents verified successfully
747,216,approved,2023-07-04 18:28:00,Loan approved by underwriter
748,216,disbursed,2023-07-07 02:28:00,Funds transferred to account
749,217,submitted,2023-03-29 16:08:00,Application received
750,217,under_review,2023-03-30 15:08:00,Assigned to review team
751,217,verified,2023-04-03 12:08:00,Documents verified successfully
752,218,submitted,2023-12-29 09:18:00,Application received
753,218,under_review,2023-12-30 02:18:00,Assigned to review team
754,218,verified,2023-12-31 14:18:00,Documents verified successfully
755,218,approved,2024-01-03 05:18:00,Loan approved by underwriter
756,218,disbursed,2024-01-06 07:18:00,Funds transferred to account
757,219,submitted,2023-03-11 18:09:00,Application received
758,219,under_review,2023-03-13 09:09:00,Assigned to review team
759,219,verified,2023-03-16 21:09:00,Documents verified successfully
760,219,approved,2023-03-17 21:09:00,Loan approved by underwriter
761,219,disbursed,2023-03-20 11:09:00,Funds transferred to account
762,220,submitted,2023-02-09 06:50:00,Application received
763,220,under_review,2023-02-09 10:50:00,Assigned to review team
764,220,verified,2023-02-11 13:50:00,Documents verified successfully
765,220,approved,2023-02-13 03:50:00,Loan approved by underwriter
766,220,disbursed,2023-02-14 14:50:00,Funds transferred to account
767,221,submitted,2023-06-20 10:00:00,Application received
768,221,under_review,2023-06-22 01:00:00,Assigned to review team
769,221,verified,2023-06-23 20:00:00,Documents verified successfully
770,221,approved,2023-06-25 16:00:00,Loan approved by underwriter
771,221,disbursed,2023-06-29 18:00:00,Funds transferred to account
772,222,submitted,2023-07-23 09:27:00,Application received
773,222,under_review,2023-07-23 23:27:00,Assigned to review team
774,222,verified,2023-07-26 22:27:00,Documents verified successfully
775,223,submitted,2023-06-28 10:48:00,Application received
776,223,under_review,2023-06-29 08:48:00,Assigned to review team
777,223,verified,2023-07-02 01:48:00,Documents verified successfully
778,223,approved,2023-07-04 12:48:00,Loan approved by underwriter
779,223,disbursed,2023-07-08 14:48:00,Funds transferred to account
780,224,submitted,2023-12-19 13:56:00,Application received
781,224,under_review,2023-12-21 03:56:00,Assigned to review team
782,225,submitted,2023-03-28 06:25:00,Application received
783,225,under_review,2023-03-29 17:25:00,Assigned to review team
784,225,verified,2023-03-30 18:25:00,Documents verified successfully
785,225,approved,2023-04-02 13:25:00,Loan approved by underwriter
786,225,disbursed,2023-04-07 11:25:00,Funds transferred to account
787,226,submitted,2023-03-12 14:14:00,Application received
788,226,under_review,2023-03-13 23:14:00,Assigned to review team
789,226,verified,2023-03-16 01:14:00,Documents verified successfully
790,227,submitted,2023-04-29 05:05:00,Application received
791,227,under_review,2023-04-29 16:05:00,Assigned to review team
792,227,verified,2023-04-30 17:05:00,Documents verified successfully
793,228,submitted,2023-12-14 10:04:00,Application received
794,228,under_review,2023-12-15 18:04:00,Assigned to review team
795,228,verified,2023-12-18 14:04:00,Documents verified successfully
796,228,approved,2023-12-19 14:04:00,Loan approved by underwriter
797,228,disbursed,2023-12-23 02:04:00,Funds transferred to account
798,229,submitted,2023-06-12 02:15:00,Application received
799,229,under_review,2023-06-13 17:15:00,Assigned to review team
800,229,verified,2023-06-14 18:15:00,Documents verified successfully
801,230,submitted,2023-12-05 08:13:00,Application received
802,230,under_review,2023-12-06 10:13:00,Assigned to review team
803,230,verified,2023-12-10 05:13:00,Documents verified successfully
804,231,submitted,2023-02-27 22:31:00,Application received
805,231,under_review,2023-02-28 00:31:00,Assigned to review team
806,232,submitted,2023-07-24 16:18:00,Application received
807,232,under_review,2023-07-26 02:18:00,Assigned to review team
808,232,verified,2023-07-29 14:18:00,Documents verified successfully
809,233,submitted,2023-02-14 06:05:00,Application received
810,233,under_review,2023-02-16 01:05:00,Assigned to review team
811,233,verified,2023-02-19 14:05:00,Documents verified successfully
812,233,approved,2023-02-21 16:05:00,Loan approved by underwriter
813,233,disbursed,2023-02-22 19:05:00,Funds transferred to account
814,234,submitted,2023-02-06 06:44:00,Application received
815,234,under_review,2023-02-07 15:44:00,Assigned to review team
816,235,submitted,2023-12-09 18:42:00,Application received
817,235,under_review,2023-12-10 20:42:00,Assigned to review team
818,235,verified,2023-12-11 12:42:00,Documents verified successfully
819,236,submitted,2023-05-18 15:36:00,Application received
820,236,under_review,2023-05-20 13:36:00,Assigned to review team
821,237,submitted,2023-05-12 17:57:00,Application received
822,237,under_review,2023-05-13 23:57:00,Assigned to review team
823,237,verified,2023-05-17 06:57:00,Documents verified successfully
824,237,approved,2023-05-18 14:57:00,Loan approved by underwriter
825,237,disbursed,2023-05-22 14:57:00,Funds transferred to account
826,238,submitted,2023-09-01 20:24:00,Application received
827,238,under_review,2023-09-03 20:24:00,Assigned to review team
828,239,submitted,2023-06-14 02:52:00,Application received
829,239,under_review,2023-06-15 15:52:00,Assigned to review team
830,239,verified,2023-06-16 12:52:00,Documents verified successfully
831,240,submitted,2023-06-07 04:39:00,Application received
832,240,under_review,2023-06-08 20:39:00,Assigned to review team
833,240,verified,2023-06-10 16:39:00,Documents verified successfully
834,240,approved,2023-06-11 07:39:00,Loan approved by underwriter
835,240,disbursed,2023-06-13 22:39:00,Funds transferred to account
836,241,submitted,2023-10-02 03:26:00,Application received
837,241,under_review,2023-10-02 12:26:00,Assigned to review team
838,241,verified,2023-10-04 19:26:00,Documents verified successfully
839,241,approved,2023-10-06 03:26:00,Loan approved by underwriter
840,241,disbursed,2023-10-08 09:26:00,Funds transferred to account
841,242,submitted,2023-03-10 17:18:00,Application received
842,243,submitted,2023-03-14 09:06:00,Application received
843,243,under_review,2023-03-14 19:06:00,Assigned to review team
844,243,verified,2023-03-16 11:06:00,Documents verified successfully
845,243,approved,2023-03-17 00:06:00,Loan approved by underwriter
846,243,disbursed,2023-03-21 15:06:00,Funds transferred to account
847,244,submitted,2023-08-28 07:54:00,Application received
848,244,under_review,2023-08-29 09:54:00,Assigned to review team
849,244,verified,2023-08-30 11:54:00,Documents verified successfully
850,245,submitted,2024-01-02 07:22:00,Application received
851,245,under_review,2024-01-02 12:22:00,Assigned to review team
852,245,verified,2024-01-05 04:22:00,Documents verified successfully
853,246,submitted,2023-10-11 17:06:00,Application received
854,246,under_review,2023-10-12 06:06:00,Assigned to review team
855,246,verified,2023-10-14 01:06:00,Documents verified successfully
856,246,approved,2023-10-14 22:06:00,Loan approved by underwriter
857,246,disbursed,2023-10-18 13:06:00,Funds transferred to account
858,247,submitted,2023-07-27 20:43:00,Application received
859,247,under_review,2023-07-28 21:43:00,Assigned to review team
860,247,verified,2023-07-31 01:43:00,Documents verified successfully
861,247,approved,2023-08-02 21:43:00,Loan approved by underwriter
862,247,disbursed,2023-08-05 12:43:00,Funds transferred to account
863,248,submitted,2023-04-15 03:28:00,Application received
864,248,under_review,2023-04-15 14:28:00,Assigned to review team
865,248,verified,2023-04-16 16:28:00,Documents verified successfully
866,249,submitted,2023-07-23 03:01:00,Application received
867,249,under_review,2023-07-23 10:01:00,Assigned to review team
868,249,verified,2023-07-25 22:01:00,Documents verified successfully
869,249,approved,2023-07-27 03:01:00,Loan approved by underwriter
870,249,disbursed,2023-07-28 07:01:00,Funds transferred to account
871,250,submitted,2023-11-17 15:15:00,Application received
872,250,under_review,2023-11-18 14:15:00,Assigned to review team
873,250,verified,2023-11-22 09:15:00,Documents verified successfully
874,251,submitted,2023-11-27 04:15:00,Application received
875,252,submitted,2023-09-18 10:24:00,Application received
876,252,under_review,2023-09-20 00:24:00,Assigned to review team
877,253,submitted,2023-09-01 17:22:00,Application received
878,253,under_review,2023-09-03 14:22:00,Assigned to review team
879,254,submitted,2023-04-25 09:54:00,Application received
880,254,under_review,2023-04-26 10:54:00,Assigned to review team
881,255,submitted,2023-01-18 10:44:00,Application received
882,255,under_review,2023-01-19 08:44:00,Assigned to review team
883,255,verified,2023-01-19 21:44:00,Documents verified successfully
884,256,submitted,2023-04-03 04:02:00,Application received
885,256,under_review,2023-04-03 11:02:00,Assigned to review team
886,256,verified,2023-04-05 10:02:00,Documents verified successfully
887,256,approved,2023-04-06 10:02:00,Loan approved by underwriter
888,256,disbursed,2023-04-08 09:02:00,Funds transferred to account
889,257,submitted,2023-03-11 01:45:00,Application received
890,257,under_review,2023-03-12 14:45:00,Assigned to review team
891,258,submitted,2023-08-13 05:31:00,Application received
892,258,under_review,2023-08-14 21:31:00,Assigned to review team
893,258,verified,2023-08-15 23:31:00,Documents verified successfully
894,258,approved,2023-08-18 04:31:00,Loan approved by underwriter
895,258,disbursed,2023-08-19 22:31:00,Funds transferred to account
896,259,submitted,2023-12-21 17:08:00,Application received
897,260,submitted,2023-10-17 19:59:00,Application received
898,260,under_review,2023-10-18 07:59:00,Assigned to review team
899,261,submitted,2023-01-01 09:24:00,Application received
900,261,under_review,2023-01-02 07:24:00,Assigned to review team
901,261,verified,2023-01-04 19:24:00,Documents verified successfully
902,262,submitted,2023-10-24 03:48:00,Application received
903,263,submitted,2023-12-01 15:38:00,Application received
904,263,under_review,2023-12-03 15:38:00,Assigned to review team
905,264,submitted,2023-10-05 06:42:00,Application received
906,264,under_review,2023-10-05 20:42:00,Assigned to review team
907,264,verified,2023-10-07 13:42:00,Documents verified successfully
908,265,submitted,2023-01-04 12:05:00,Application received
909,266,submitted,2023-02-11 17:54:00,Application received
910,266,under_review,2023-02-11 23:54:00,Assigned to review team
911,266,verified,2023-02-13 16:54:00,Documents verified successfully
912,266,approved,2023-02-14 15:54:00,Loan approved by underwriter
913,266,disbursed,2023-02-16 06:54:00,Funds transferred to account
914,267,submitted,2023-07-11 17:23:00,Application received
915,268,submitted,2023-12-26 14:06:00,Application received
916,268,under_review,2023-12-26 16:06:00,Assigned to review team
917,268,verified,2023-12-29 16:06:00,Documents verified successfully
918,269,submitted,2023-08-06 13:43:00,Application received
919,269,under_review,2023-08-08 00:43:00,Assigned to review team
920,269,verified,2023-08-11 11:43:00,Documents verified successfully
921,269,approved,2023-08-12 06:43:00,Loan approved by underwriter
922,269,disbursed,2023-08-16 14:43:00,Funds transferred to account
923,270,submitted,2023-09-23 09:43:00,Application received
924,270,under_review,2023-09-23 19:43:00,Assigned to review team
925,270,verified,2023-09-27 10:43:00,Documents verified successfully
926,270,approved,2023-09-30 00:43:00,Loan approved by underwriter
927,270,disbursed,2023-10-02 05:43:00,Funds transferred to account
928,271,submitted,2023-08-05 05:43:00,Application received
929,271,under_review,2023-08-06 16:43:00,Assigned to review team
930,271,verified,2023-08-08 20:43:00,Documents verified successfully
931,271,approved,2023-08-11 09:43:00,Loan approved by underwriter
932,271,disbursed,2023-08-14 05:43:00,Funds transferred to account
933,272,submitted,2023-03-20 23:36:00,Application received
934,272,under_review,2023-03-22 05:36:00,Assigned to review team
935,273,submitted,2023-07-30 12:24:00,Application received
936,273,under_review,2023-07-30 23:24:00,Assigned to review team
937,274,submitted,2023-06-06 15:17:00,Application received
938,274,under_review,2023-06-07 05:17:00,Assigned to review team
939,274,verified,2023-06-10 18:17:00,Documents verified successfully
940,274,approved,2023-06-12 13:17:00,Loan approved by underwriter
941,274,disbursed,2023-06-16 04:17:00,Funds transferred to account
942,275,submitted,2023-08-05 02:41:00,Application received
943,275,under_review,2023-08-05 11:41:00,Assigned to review team
944,276,submitted,2023-05-10 09:29:00,Application received
945,276,under_review,2023-05-11 04:29:00,Assigned to review team
946,277,submitted,2023-05-07 05:31:00,Application received
947,277,under_review,2023-05-09 04:31:00,Assigned to review team
948,278,submitted,2023-12-19 08:18:00,Application received
949,278,under_review,2023-12-20 01:18:00,Assigned to review team
950,278,verified,2023-12-23 01:18:00,Documents verified successfully
951,279,submitted,2023-07-30 08:01:00,Application received
952,279,under_review,2023-07-30 15:01:00,Assigned to review team
953,279,verified,2023-08-03 02:01:00,Documents verified successfully
954,279,approved,2023-08-05 08:01:00,Loan approved by underwriter
955,279,disbursed,2023-08-09 03:01:00,Funds transferred to account
956,280,submitted,2023-11-09 09:45:00,Application received
957,280,under_review,2023-11-11 05:45:00,Assigned to review team
958,280,verified,2023-11-14 14:45:00,Documents verified successfully
959,280,approved,2023-11-17 01:45:00,Loan approved by underwriter
960,280,disbursed,2023-11-18 23:45:00,Funds transferred to account
961,281,submitted,2023-02-27 03:04:00,Application received
962,281,under_review,2023-03-01 02:04:00,Assigned to review team
963,281,verified,2023-03-02 20:04:00,Documents verified successfully
964,281,approved,2023-03-03 09:04:00,Loan approved by underwriter
965,281,disbursed,2023-03-06 11:04:00,Funds transferred to account
966,282,submitted,2023-03-21 09:48:00,Application received
967,282,under_review,2023-03-22 04:48:00,Assigned to review team
968,282,verified,2023-03-24 07:48:00,Documents verified successfully
969,282,approved,2023-03-25 15:48:00,Loan approved by underwriter
970,282,disbursed,2023-03-27 07:48:00,Funds transferred to account
971,283,submitted,2023-06-01 17:58:00,Application received
972,283,under_review,2023-06-02 19:58:00,Assigned to review team
973,284,submitted,2023-11-24 16:58:00,Application received
974,284,under_review,2023-11-26 04:58:00,Assigned to review team
975,284,verified,2023-11-27 21:58:00,Documents verified successfully
976,285,submitted,2023-06-08 17:50:00,Application received
977,285,under_review,2023-06-08 19:50:00,Assigned to review team
978,286,submitted,2023-10-27 18:39:00,Application received
979,286,under_review,2023-10-28 14:39:00,Assigned to review team
980,286,verified,2023-10-30 09:39:00,Documents verified successfully
981,287,submitted,2023-03-21 05:12:00,Application received
982,287,under_review,2023-03-22 00:12:00,Assigned to review team
983,287,verified,2023-03-24 17:12:00,Documents verified successfully
984,288,submitted,2023-04-03 03:40:00,Application received
985,288,under_review,2023-04-04 06:40:00,Assigned to review team
986,288,verified,2023-04-06 08:40:00,Documents verified successfully
987,288,approved,2023-04-09 02:40:00,Loan approved by underwriter
988,288,disbursed,2023-04-13 01:40:00,Funds transferred to account
989,289,submitted,2023-09-30 19:01:00,Application received
990,289,under_review,2023-10-01 12:01:00,Assigned to review team
991,289,verified,2023-10-04 21:01:00,Documents verified successfully
992,289,approved,2023-10-06 08:01:00,Loan approved by underwriter
993,289,disbursed,2023-10-09 02:01:00,Funds transferred to account
994,290,submitted,2023-06-06 20:04:00,Application received
995,290,under_review,2023-06-07 11:04:00,Assigned to review team
996,290,verified,2023-06-10 11:04:00,Documents verified successfully
997,291,submitted,2023-09-10 20:48:00,Application received
998,291,under_review,2023-09-11 19:48:00,Assigned to review team
999,291,verified,2023-09-14 11:48:00,Documents verified successfully
1000,292,submitted,2023-03-07 18:45:00,Application received
1001,293,submitted,2023-12-03 00:03:00,Application received
1002,293,under_review,2023-12-04 13:03:00,Assigned to review team
1003,293,verified,2023-12-05 17:03:00,Documents verified successfully
1004,293,approved,2023-12-07 00:03:00,Loan approved by underwriter
1005,293,disbursed,2023-12-10 15:03:00,Funds transferred to account
1006,294,submitted,2023-12-20 23:00:00,Application received
1007,294,under_review,2023-12-22 12:00:00,Assigned to review team
1008,294,verified,2023-12-24 13:00:00,Documents verified successfully
1009,294,approved,2023-12-25 16:00:00,Loan approved by underwriter
1010,294,disbursed,2023-12-29 10:00:00,Funds transferred to account
1011,295,submitted,2023-04-15 01:45:00,Application received
1012,295,under_review,2023-04-16 00:45:00,Assigned to review team
1013,295,verified,2023-04-16 13:45:00,Documents verified successfully
1014,295,approved,2023-04-16 19:45:00,Loan approved by underwriter
1015,295,disbursed,2023-04-19 13:45:00,Funds transferred to account
1016,296,submitted,2023-01-08 23:05:00,Application received
1017,296,under_review,2023-01-09 23:05:00,Assigned to review team
1018,296,verified,2023-01-11 22:05:00,Documents verified successfully
1019,296,approved,2023-01-14 07:05:00,Loan approved by underwriter
1020,296,disbursed,2023-01-15 16:05:00,Funds transferred to account
1021,297,submitted,2023-07-07 13:20:00,Application received
1022,297,under_review,2023-07-08 02:20:00,Assigned to review team
1023,298,submitted,2023-08-15 23:17:00,Application received
1024,298,under_review,2023-08-17 14:17:00,Assigned to review team
1025,299,submitted,2023-07-20 13:54:00,Application received
1026,299,under_review,2023-07-21 05:54:00,Assigned to review team
1027,299,verified,2023-07-24 05:54:00,Documents verified successfully
1028,299,approved,2023-07-27 04:54:00,Loan approved by underwriter
1029,299,disbursed,2023-07-30 20:54:00,Funds transferred to account
1030,300,submitted,2023-09-09 19:56:00,Application received
1031,300,under_review,2023-09-11 18:56:00,Assigned to review team
1032,301,submitted,2023-11-27 11:25:00,Application received
1033,301,under_review,2023-11-27 23:25:00,Assigned to review team
1034,301,verified,2023-12-01 10:25:00,Documents verified successfully
1035,302,submitted,2023-09-13 12:41:00,Application received
1036,302,under_review,2023-09-13 15:41:00,Assigned to review team
1037,302,verified,2023-09-15 06:41:00,Documents verified successfully
1038,302,approved,2023-09-17 20:41:00,Loan approved by underwriter
1039,302,disbursed,2023-09-20 14:41:00,Funds transferred to account
1040,303,submitted,2023-11-25 21:56:00,Application received
1041,304,submitted,2023-11-16 05:30:00,Application received
1042,304,under_review,2023-11-17 13:30:00,Assigned to review team
1043,304,verified,2023-11-21 09:30:00,Documents verified successfully
1044,305,submitted,2023-05-30 22:33:00,Application received
1045,305,under_review,2023-06-01 17:33:00,Assigned to review team
1046,305,verified,2023-06-03 00:33:00,Documents verified successfully
1047,305,approved,2023-06-05 14:33:00,Loan approved by underwriter
1048,305,disbursed,2023-06-07 14:33:00,Funds transferred to account
1049,306,submitted,2023-11-11 07:12:00,Application received
1050,306,under_review,2023-11-12 05:12:00,Assigned to review team
1051,306,verified,2023-11-14 20:12:00,Documents verified successfully
1052,306,approved,2023-11-17 18:12:00,Loan approved by underwriter
1053,306,disbursed,2023-11-18 23:12:00,Funds transferred to account
1054,307,submitted,2023-12-13 09:07:00,Application received
1055,307,under_review,2023-12-13 22:07:00,Assigned to review team
1056,307,verified,2023-12-15 01:07:00,Documents verified successfully
1057,307,approved,2023-12-17 18:07:00,Loan approved by underwriter
1058,307,disbursed,2023-12-19 17:07:00,Funds transferred to account
1059,308,submitted,2023-01-27 09:59:00,Application received
1060,308,under_review,2023-01-28 00:59:00,Assigned to review team
1061,308,verified,2023-01-29 19:59:00,Documents verified successfully
1062,308,approved,2023-01-31 16:59:00,Loan approved by underwriter
1063,308,disbursed,2023-02-02 09:59:00,Funds transferred to account
1064,309,submitted,2023-12-06 10:38:00,Application received
1065,309,under_review,2023-12-07 05:38:00,Assigned to review team
1066,309,verified,2023-12-09 02:38:00,Documents verified successfully
1067,309,approved,2023-12-12 02:38:00,Loan approved by underwriter
1068,309,disbursed,2023-12-16 04:38:00,Funds transferred to account
1069,310,submitted,2023-06-03 03:51:00,Application received
1070,310,under_review,2023-06-04 22:51:00,Assigned to review team
1071,310,verified,2023-06-08 08:51:00,Documents verified successfully
1072,310,approved,2023-06-09 17:51:00,Loan approved by underwriter
1073,310,disbursed,2023-06-13 05:51:00,Funds transferred to account
1074,311,submitted,2023-04-04 17:34:00,Application received
1075,311,under_review,2023-04-06 13:34:00,Assigned to review team
1076,311,verified,2023-04-08 22:34:00,Documents verified successfully
1077,311,approved,2023-04-09 16:34:00,Loan approved by underwriter
1078,312,submitted,2023-12-13 03:57:00,Application received
1079,312,under_review,2023-12-13 06:57:00,Assigned to review team
1080,312,verified,2023-12-15 21:57:00,Documents verified successfully
1081,312,approved,2023-12-17 22:57:00,Loan approved by underwriter
1082,312,disbursed,2023-12-21 14:57:00,Funds transferred to account
1083,313,submitted,2023-04-13 12:48:00,Application received
1084,314,submitted,2023-08-22 10:39:00,Application received
1085,314,under_review,2023-08-23 07:39:00,Assigned to review team
1086,315,submitted,2023-01-26 20:24:00,Application received
1087,316,submitted,2023-08-15 16:58:00,Application received
1088,316,under_review,2023-08-16 23:58:00,Assigned to review team
1089,317,submitted,2023-04-04 18:04:00,Application received
1090,317,under_review,2023-04-05 09:04:00,Assigned to review team
1091,317,verified,2023-04-08 20:04:00,Documents verified successfully
1092,317,approved,2023-04-11 14:04:00,Loan approved by underwriter
1093,317,disbursed,2023-04-16 03:04:00,Funds transferred to account
1094,318,submitted,2023-10-29 14:00:00,Application received
1095,318,under_review,2023-10-30 12:00:00,Assigned to review team
1096,319,submitted,2023-12-07 02:31:00,Application received
1097,319,under_review,2023-12-08 11:31:00,Assigned to review team
1098,320,submitted,2023-09-18 20:26:00,Application received
1099,320,under_review,2023-09-18 22:26:00,Assigned to review team
1100,320,verified,2023-09-22 01:26:00,Documents verified successfully
1101,320,approved,2023-09-24 02:26:00,Loan approved by underwriter
1102,320,disbursed,2023-09-26 17:26:00,Funds transferred to account
1103,321,submitted,2023-11-16 09:30:00,Application received
1104,322,submitted,2023-11-16 22:02:00,Application received
1105,322,under_review,2023-11-17 06:02:00,Assigned to review team
1106,322,verified,2023-11-21 05:02:00,Documents verified successfully
1107,322,approved,2023-11-24 03:02:00,Loan approved by underwriter
1108,322,disbursed,2023-11-27 09:02:00,Funds transferred to account
1109,323,submitted,2023-07-12 02:51:00,Application received
1110,323,under_review,2023-07-12 11:51:00,Assigned to review team
1111,323,verified,2023-07-14 17:51:00,Documents verified successfully
1112,324,submitted,2023-10-04 00:00:00,Application received
1113,324,under_review,2023-10-04 02:00:00,Assigned to review team
1114,324,verified,2023-10-07 00:00:00,Documents verified successfully
1115,324,approved,2023-10-09 20:00:00,Loan approved by underwriter
1116,324,disbursed,2023-10-13 02:00:00,Funds transferred to account
1117,325,submitted,2023-02-07 11:43:00,Application received
1118,325,under_review,2023-02-08 07:43:00,Assigned to review team
1119,325,verified,2023-02-12 04:43:00,Documents verified successfully
1120,325,approved,2023-02-14 12:43:00,Loan approved by underwriter
1121,325,disbursed,2023-02-19 09:43:00,Funds transferred to account
1122,326,submitted,2023-10-23 18:58:00,Application received
1123,326,under_review,2023-10-24 18:58:00,Assigned to review team
1124,327,submitted,2023-11-27 20:39:00,Application received
1125,327,under_review,2023-11-28 00:39:00,Assigned to review team
1126,327,verified,2023-11-28 22:39:00,Documents verified successfully
1127,328,submitted,2023-06-06 10:05:00,Application received
1128,329,submitted,2023-07-22 21:18:00,Application received
1129,330,submitted,2023-03-17 02:02:00,Application received
1130,330,under_review,2023-03-18 14:02:00,Assigned to review team
1131,330,verified,2023-03-21 09:02:00,Documents verified successfully
1132,331,submitted,2023-11-30 08:09:00,Application received
1133,331,under_review,2023-12-01 11:09:00,Assigned to review team
1134,331,verified,2023-12-02 01:09:00,Documents verified successfully
1135,331,approved,2023-12-03 23:09:00,Loan approved by underwriter
1136,331,disbursed,2023-12-05 07:09:00,Funds transferred to account
1137,332,submitted,2023-10-12 11:41:00,Application received
1138,332,under_review,2023-10-14 03:41:00,Assigned to review team
1139,333,submitted,2023-12-11 04:15:00,Application received
1140,333,under_review,2023-12-12 10:15:00,Assigned to review team
1141,333,verified,2023-12-13 19:15:00,Documents verified successfully
1142,333,approved,2023-12-14 11:15:00,Loan approved by underwriter
1143,333,disbursed,2023-12-19 10:15:00,Funds transferred to account
1144,334,submitted,2023-07-05 19:43:00,Application received
1145,334,under_review,2023-07-07 01:43:00,Assigned to review team
1146,334,verified,2023-07-10 20:43:00,Documents verified successfully
1147,334,approved,2023-07-13 16:43:00,Loan approved by underwriter
1148,334,disbursed,2023-07-17 21:43:00,Funds transferred to account
1149,335,submitted,2023-02-11 17:54:00,Application received
1150,335,under_review,2023-02-12 02:54:00,Assigned to review team
1151,336,submitted,2023-11-20 21:52:00,Application received
1152,336,under_review,2023-11-22 01:52:00,Assigned to review team
1153,337,submitted,2023-03-19 02:25:00,Application received
1154,337,under_review,2023-03-20 05:25:00,Assigned to review team
1155,338,submitted,2023-09-16 16:42:00,Application received
1156,338,under_review,2023-09-16 18:42:00,Assigned to review team
1157,338,verified,2023-09-17 18:42:00,Documents verified successfully
1158,338,approved,2023-09-19 00:42:00,Loan approved by underwriter
1159,338,disbursed,2023-09-20 10:42:00,Funds transferred to account
1160,339,submitted,2023-03-17 04:46:00,Application received
1161,339,under_review,2023-03-17 21:46:00,Assigned to review team
1162,339,verified,2023-03-18 11:46:00,Documents verified successfully
1163,339,approved,2023-03-21 03:46:00,Loan approved by underwriter
1164,339,disbursed,2023-03-25 22:46:00,Funds transferred to account
1165,340,submitted,2023-05-23 11:16:00,Application received
1166,340,under_review,2023-05-23 14:16:00,Assigned to review team
1167,340,verified,2023-05-26 10:16:00,Documents verified successfully
1168,341,submitted,2023-07-14 22:33:00,Application received
1169,341,under_review,2023-07-15 10:33:00,Assigned to review team
1170,342,submitted,2023-02-11 07:41:00,Application received
1171,343,submitted,2023-06-20 11:07:00,Application received
1172,343,under_review,2023-06-21 23:07:00,Assigned to review team
1173,343,verified,2023-06-22 18:07:00,Documents verified successfully
1174,344,submitted,2023-03-10 11:37:00,Application received
1175,344,under_review,2023-03-11 21:37:00,Assigned to review team
1176,345,submitted,2023-07-30 15:36:00,Application received
1177,345,under_review,2023-07-31 00:36:00,Assigned to review team
1178,345,verified,2023-08-01 19:36:00,Documents verified successfully
1179,345,approved,2023-08-02 10:36:00,Loan approved by underwriter
1180,346,submitted,2023-08-01 12:09:00,Application received
1181,346,under_review,2023-08-02 18:09:00,Assigned to review team
1182,346,verified,2023-08-06 10:09:00,Documents verified successfully
1183,346,approved,2023-08-07 20:09:00,Loan approved by underwriter
1184,346,disbursed,2023-08-12 15:09:00,Funds transferred to account
1185,347,submitted,2023-11-04 01:04:00,Application received
1186,347,under_review,2023-11-05 22:04:00,Assigned to review team
1187,348,submitted,2023-11-07 05:52:00,Application received
1188,348,under_review,2023-11-07 21:52:00,Assigned to review team
1189,348,verified,2023-11-08 10:52:00,Documents verified successfully
1190,349,submitted,2023-02-13 00:38:00,Application received
1191,349,under_review,2023-02-14 00:38:00,Assigned to review team
1192,350,submitted,2023-12-03 18:44:00,Application received
1193,350,under_review,2023-12-05 03:44:00,Assigned to review team
1194,350,verified,2023-12-07 15:44:00,Documents verified successfully
1195,351,submitted,2023-08-07 18:23:00,Application received
1196,351,under_review,2023-08-08 13:23:00,Assigned to review team
1197,351,verified,2023-08-11 11:23:00,Documents verified successfully
1198,352,submitted,2023-08-18 05:10:00,Application received
1199,352,under_review,2023-08-19 08:10:00,Assigned to review team
1200,352,verified,2023-08-22 18:10:00,Documents verified successfully
1201,352,approved,2023-08-24 07:10:00,Loan approved by underwriter
1202,352,disbursed,2023-08-26 12:10:00,Funds transferred to account
1203,353,submitted,2023-11-24 02:51:00,Application received
1204,354,submitted,2023-01-21 15:24:00,Application received
1205,354,under_review,2023-01-23 15:24:00,Assigned to review team
1206,354,verified,2023-01-25 08:24:00,Documents verified successfully
1207,355,submitted,2023-04-02 23:31:00,Application received
1208,355,under_review,2023-04-03 04:31:00,Assigned to review team
1209,355,verified,2023-04-04 02:31:00,Documents verified successfully
1210,355,approved,2023-04-06 22:31:00,Loan approved by underwriter
1211,355,disbursed,2023-04-11 18:31:00,Funds transferred to account
1212,356,submitted,2023-10-29 13:33:00,Application received
1213,356,under_review,2023-10-31 06:33:00,Assigned to review team
1214,357,submitted,2023-05-24 12:38:00,Application received
1215,357,under_review,2023-05-25 22:38:00,Assigned to review team
1216,358,submitted,2023-09-18 00:21:00,Application received
1217,358,under_review,2023-09-19 13:21:00,Assigned to review team
1218,358,verified,2023-09-22 15:21:00,Documents verified successfully
1219,359,submitted,2023-05-05 23:49:00,Application received
1220,359,under_review,2023-05-07 04:49:00,Assigned to review team
1221,359,verified,2023-05-10 12:49:00,Documents verified successfully
1222,360,submitted,2023-04-25 19:44:00,Application received
1223,360,under_review,2023-04-27 06:44:00,Assigned to review team
1224,360,verified,2023-04-28 20:44:00,Documents verified successfully
1225,360,approved,2023-04-29 22:44:00,Loan approved by underwriter
1226,360,disbursed,2023-05-04 09:44:00,Funds transferred to account
1227,361,submitted,2023-02-19 23:43:00,Application received
1228,362,submitted,2023-12-17 06:31:00,Application received
1229,362,under_review,2023-12-19 06:31:00,Assigned to review team
1230,362,verified,2023-12-21 20:31:00,Documents verified successfully
1231,363,submitted,2023-06-13 07:57:00,Application received
1232,363,under_review,2023-06-13 17:57:00,Assigned to review team
1233,364,submitted,2023-09-30 08:30:00,Application received
1234,364,under_review,2023-09-30 11:30:00,Assigned to review team
1235,364,verified,2023-10-02 00:30:00,Documents verified successfully
1236,364,approved,2023-10-02 15:30:00,Loan approved by underwriter
1237,364,disbursed,2023-10-03 20:30:00,Funds transferred to account
1238,365,submitted,2023-08-26 15:44:00,Application received
1239,365,under_review,2023-08-28 07:44:00,Assigned to review team
1240,365,verified,2023-08-30 14:44:00,Documents verified successfully
1241,365,approved,2023-09-02 08:44:00,Loan approved by underwriter
1242,366,submitted,2023-05-16 01:17:00,Application received
1243,366,under_review,2023-05-17 16:17:00,Assigned to review team
1244,366,verified,2023-05-19 21:17:00,Documents verified successfully
1245,366,approved,2023-05-20 20:17:00,Loan approved by underwriter
1246,366,disbursed,2023-05-24 05:17:00,Funds transferred to account
1247,367,submitted,2023-07-26 21:28:00,Application received
1248,367,under_review,2023-07-27 22:28:00,Assigned to review team
1249,368,submitted,2023-07-17 07:09:00,Application received
1250,368,under_review,2023-07-18 11:09:00,Assigned to review team
1251,369,submitted,2023-06-14 15:19:00,Application received
1252,369,under_review,2023-06-15 20:19:00,Assigned to review team
1253,370,submitted,2023-11-21 15:28:00,Application received
1254,370,under_review,2023-11-21 21:28:00,Assigned to review team
1255,371,submitted,2023-12-13 02:31:00,Application received
1256,371,under_review,2023-12-14 09:31:00,Assigned to review team
1257,371,verified,2023-12-17 04:31:00,Documents verified successfully
1258,371,approved,2023-12-19 04:31:00,Loan approved by underwriter
1259,371,disbursed,2023-12-22 23:31:00,Funds transferred to account
1260,372,submitted,2023-11-25 02:26:00,Application received
1261,372,under_review,2023-11-25 04:26:00,Assigned to review team
1262,372,verified,2023-11-27 22:26:00,Documents verified successfully
1263,373,submitted,2024-01-01 19:38:00,Application received
1264,373,under_review,2024-01-03 09:38:00,Assigned to review team
1265,374,submitted,2023-01-13 07:46:00,Application received
1266,374,under_review,2023-01-14 23:46:00,Assigned to review team
1267,374,verified,2023-01-17 04:46:00,Documents verified successfully
1268,374,approved,2023-01-18 06:46:00,Loan approved by underwriter
1269,375,submitted,2023-01-16 13:33:00,Application received
1270,375,under_review,2023-01-17 19:33:00,Assigned to review team
1271,375,verified,2023-01-20 07:33:00,Documents verified successfully
1272,375,approved,2023-01-22 13:33:00,Loan approved by underwriter
1273,375,disbursed,2023-01-26 15:33:00,Funds transferred to account
1274,376,submitted,2023-05-09 12:18:00,Application received
1275,376,under_review,2023-05-09 21:18:00,Assigned to review team
1276,377,submitted,2023-08-29 12:59:00,Application received
1277,377,under_review,2023-08-30 13:59:00,Assigned to review team
1278,377,verified,2023-08-31 03:59:00,Documents verified successfully
1279,378,submitted,2023-10-17 21:33:00,Application received
1280,379,submitted,2023-09-04 03:00:00,Application received
1281,380,submitted,2023-08-14 19:15:00,Application received
1282,380,under_review,2023-08-15 14:15:00,Assigned to review team
1283,380,verified,2023-08-17 00:15:00,Documents verified successfully
1284,380,approved,2023-08-17 10:15:00,Loan approved by underwriter
1285,380,disbursed,2023-08-20 09:15:00,Funds transferred to account
1286,381,submitted,2023-02-23 16:17:00,Application received
1287,381,under_review,2023-02-25 03:17:00,Assigned to review team
1288,382,submitted,2023-09-13 17:29:00,Application received
1289,382,under_review,2023-09-14 20:29:00,Assigned to review team
1290,382,verified,2023-09-15 11:29:00,Documents verified successfully
1291,383,submitted,2023-04-05 09:57:00,Application received
1292,383,under_review,2023-04-07 01:57:00,Assigned to review team
1293,383,verified,2023-04-08 17:57:00,Documents verified successfully
1294,384,submitted,2023-03-24 18:46:00,Application received
1295,384,under_review,2023-03-26 06:46:00,Assigned to review team
1296,385,submitted,2023-01-25 14:50:00,Application received
1297,385,under_review,2023-01-26 08:50:00,Assigned to review team
1298,385,verified,2023-01-27 08:50:00,Documents verified successfully
1299,386,submitted,2023-06-24 13:03:00,Application received
1300,386,under_review,2023-06-25 00:03:00,Assigned to review team
1301,386,verified,2023-06-27 00:03:00,Documents verified successfully
1302,386,approved,2023-06-28 20:03:00,Loan approved by underwriter
1303,386,disbursed,2023-07-02 14:03:00,Funds transferred to account
1304,387,submitted,2023-11-29 19:51:00,Application received
1305,387,under_review,2023-12-01 15:51:00,Assigned to review team
1306,388,submitted,2023-09-08 08:28:00,Application received
1307,389,submitted,2023-11-06 08:10:00,Application received
1308,389,under_review,2023-11-07 06:10:00,Assigned to review team
1309,390,submitted,2023-04-07 09:39:00,Application received
1310,391,submitted,2023-12-16 20:49:00,Application received
1311,391,under_review,2023-12-17 15:49:00,Assigned to review team
1312,391,verified,2023-12-19 11:49:00,Documents verified successfully
1313,392,submitted,2023-01-25 20:11:00,Application received
1314,392,under_review,2023-01-27 07:11:00,Assigned to review team
1315,392,verified,2023-01-30 16:11:00,Documents verified successfully
1316,392,approved,2023-01-31 13:11:00,Loan approved by underwriter
1317,392,disbursed,2023-02-03 22:11:00,Funds transferred to account
1318,393,submitted,2023-09-30 11:44:00,Application received
1319,393,under_review,2023-10-01 21:44:00,Assigned to review team
1320,393,verified,2023-10-03 10:44:00,Documents verified successfully
1321,393,approved,2023-10-03 22:44:00,Loan approved by underwriter
1322,393,disbursed,2023-10-06 21:44:00,Funds transferred to account
1323,394,submitted,2023-09-28 21:15:00,Application received
1324,394,under_review,2023-09-30 14:15:00,Assigned to review team
1325,395,submitted,2023-12-13 18:44:00,Application received
1326,395,under_review,2023-12-14 21:44:00,Assigned to review team
1327,396,submitted,2023-11-05 14:59:00,Application received
1328,396,under_review,2023-11-06 11:59:00,Assigned to review team
1329,396,verified,2023-11-08 14:59:00,Documents verified successfully
1330,396,approved,2023-11-11 00:59:00,Loan approved by underwriter
1331,396,disbursed,2023-11-12 20:59:00,Funds transferred to account
1332,397,submitted,2023-10-17 06:13:00,Application received
1333,397,under_review,2023-10-18 06:13:00,Assigned to review team
1334,397,verified,2023-10-19 09:13:00,Documents verified successfully
1335,397,approved,2023-10-21 08:13:00,Loan approved by underwriter
1336,397,disbursed,2023-10-25 16:13:00,Funds transferred to account
1337,398,submitted,2023-11-02 16:33:00,Application received
1338,398,under_review,2023-11-03 01:33:00,Assigned to review team
1339,398,verified,2023-11-05 08:33:00,Documents verified successfully
1340,398,approved,2023-11-08 01:33:00,Loan approved by underwriter
1341,398,disbursed,2023-11-10 05:33:00,Funds transferred to account
1342,399,submitted,2023-09-20 13:36:00,Application received
1343,399,under_review,2023-09-22 05:36:00,Assigned to review team
1344,399,verified,2023-09-25 00:36:00,Documents verified successfully
1345,399,approved,2023-09-26 14:36:00,Loan approved by underwriter
1346,399,disbursed,2023-09-28 00:36:00,Funds transferred to account
1347,400,submitted,2023-05-09 18:16:00,Application received
1348,400,under_review,2023-05-10 10:16:00,Assigned to review team
1349,400,verified,2023-05-13 12:16:00,Documents verified successfully
1350,400,approved,2023-05-13 23:16:00,Loan approved by underwriter
1351,400,disbursed,2023-05-15 14:16:00,Funds transferred to account
1352,401,submitted,2023-04-02 01:52:00,Application received
1353,401,under_review,2023-04-02 05:52:00,Assigned to review team
1354,401,verified,2023-04-02 21:52:00,Documents verified successfully
1355,402,submitted,2023-11-22 01:03:00,Application received
1356,402,under_review,2023-11-23 19:03:00,Assigned to review team
1357,403,submitted,2023-12-14 00:25:00,Application received
1358,403,under_review,2023-12-15 00:25:00,Assigned to review team
1359,403,verified,2023-12-17 05:25:00,Documents verified successfully
1360,404,submitted,2023-06-24 06:30:00,Application received
1361,404,under_review,2023-06-25 19:30:00,Assigned to review team
1362,404,verified,2023-06-27 05:30:00,Documents verified successfully
1363,404,approved,2023-06-28 16:30:00,Loan approved by underwriter
1364,404,disbursed,2023-07-01 08:30:00,Funds transferred to account
1365,405,submitted,2023-09-06 21:12:00,Application received
1366,405,under_review,2023-09-07 15:12:00,Assigned to review team
1367,406,submitted,2023-12-04 08:49:00,Application received
1368,406,under_review,2023-12-04 22:49:00,Assigned to review team
1369,406,verified,2023-12-06 23:49:00,Documents verified successfully
1370,406,approved,2023-12-07 16:49:00,Loan approved by underwriter
1371,406,disbursed,2023-12-09 10:49:00,Funds transferred to account
1372,407,submitted,2023-05-30 00:21:00,Application received
1373,407,under_review,2023-05-31 02:21:00,Assigned to review team
1374,407,verified,2023-06-02 07:21:00,Documents verified successfully
1375,408,submitted,2023-10-10 05:48:00,Application received
1376,409,submitted,2023-12-07 08:42:00,Application received
1377,410,submitted,2024-01-02 12:02:00,Application received
1378,410,under_review,2024-01-02 23:02:00,Assigned to review team
1379,411,submitted,2023-07-04 16:19:00,Application received
1380,411,under_review,2023-07-06 06:19:00,Assigned to review team
1381,412,submitted,2023-05-26 15:09:00,Application received
1382,412,under_review,2023-05-27 16:09:00,Assigned to review team
1383,412,verified,2023-05-29 20:09:00,Documents verified successfully
1384,413,submitted,2023-10-15 01:46:00,Application received
1385,413,under_review,2023-10-15 09:46:00,Assigned to review team
1386,413,verified,2023-10-17 02:46:00,Documents verified successfully
